Comune;Provincia;Nome;Descrizione;Scheda;Immagine;Descrizione immagine;Indirizzo;Localita;Redazione locale;Data di esportazione;Latitudine;Longitudine
PIACENZA;PIACENZA;ASSOCIAZIONE STRADA DEI VINI E DEI SAPORI DEI COLLI PIACENTINI;Associazione per la promozione del Turismo Enogastronomico dell'Appennino Piacentino. Presidente: Elisabetta Vituani Le aziende associate producono l'eccellenza dell'enogastronomia piacentina, dagli ottimi salumi Dop ai profumati vini Doc Colli...;http://turismo.provincia.piacenza.it/index.php?option=com_zoo&task=item&item_id=6550&category_id=307&Itemid=309&lang=it;http://turismo.provincia.piacenza.it/images/stories/servizi/stradaviniesaporilogo.jpg;ASSOCIAZIONE STRADA DEI VINI E DEI SAPORI DEI COLLI PIACENTINI;c/o CTS Piazza Cavalli 7, 29121 - Piacenza (PC);;Piacenza;42184;45.052969;9.693546
PIACENZA;PIACENZA;ASSOCIAZIONE STRADA DEL PO E DEI SAPORI DELLA BASSA PIACENTINA;"Associazione per la promozione del Turismo Enogastronomico della Bassa Piacentina. Presidente: Maurizio Parma Gli associati della Strada del Po offrono offrono i prodotti tipici dalla Bassa nebbiosa famosa per la sua cultura salumiera; la secolare...";http://turismo.provincia.piacenza.it/index.php?option=com_zoo&task=item&item_id=6578&category_id=307&Itemid=309&lang=it;http://turismo.provincia.piacenza.it/images/stories/servizi/stradapobassalogo.jpg;ASSOCIAZIONE STRADA DEL PO E DEI SAPORI DELLA BASSA PIACENTINA;c/o CTS Piazza Cavalli, 7 - Piacenza (PC);;Piacenza;42184;45.052969;9.693546
PIACENZA;PIACENZA;CONSORZIO SALUMI DOP PIACENTINI;Il Consorzio tutela, promuove e valorizza la denominazione di origine protetta della coppa piacentina, pancetta piacentina e salame piacentino. Presidente: Antonio Grossetti. Per visionare l'elenco dei soci clicca qui.;http://turismo.provincia.piacenza.it/index.php?option=com_zoo&task=item&item_id=7489&category_id=307&Itemid=309&lang=it;http://turismo.provincia.piacenza.it/images/stories/loghi/consorziosalumi.jpg;CONSORZIO SALUMI DOP PIACENTINI;Via Cristoforo Colombo, 35 - Piacenza (PC);;Piacenza;42184;;
PIACENZA;PIACENZA;CONSORZIO SALUMI TIPICI PIACENTINI;Consorzio per la valorizzazione e la diffusione della conoscenza dei prodotti agroalimentari tradizionali della salumeria piacentina: Lardo piacentino, Ciccioli, Cicciolata, Culatello, Salame gentile, Mariola, Cappello del prete, Salame da...;http://turismo.provincia.piacenza.it/index.php?option=com_zoo&task=item&item_id=6542&category_id=307&Itemid=309&lang=it;http://turismo.provincia.piacenza.it/images/stories/loghi/new logo consorzio salumi tipici rid.jpg;CONSORZIO SALUMI TIPICI PIACENTINI;c/o Palazzo dell'Agricoltura - via Colombo, 35 - Piacenza (PC);;Piacenza;42184;45.052969;9.693546
PIACENZA;PIACENZA;CONSORZIO TUTELA GRANA PADANO;Il Consorzio di tutela del Grana Padano promuove la scoperta dei sapori e degli aromi del formaggio DOP più venduto e consumato al mondo, sintesi di bontà e genuinità, un prodotto figlio di una storia millenaria che non può essere misurata solo...;http://turismo.provincia.piacenza.it/index.php?option=com_zoo&task=item&item_id=8055&category_id=307&Itemid=309&lang=it;http://turismo.provincia.piacenza.it/images/stories/loghi/logo_grana.jpg;CONSORZIO TUTELA GRANA PADANO;Piacenza (PC);;Piacenza;42184;;
PIACENZA;PIACENZA;CONSORZIO TUTELA PROVOLONE VALPADANA;Il Consorzio ha il compito di tutelate e vigilare sulle diverse fasi della vita del Provolone Valpadana. Offre inoltre assistenza tecnico scientifica, per migliorare sempre più le tecnologie produttive, sia dal punto di vista sanitario che...;http://turismo.provincia.piacenza.it/index.php?option=com_zoo&task=item&item_id=8056&category_id=307&Itemid=309&lang=it;http://turismo.provincia.piacenza.it/images/stories/loghi/logo provolone.jpg;CONSORZIO TUTELA PROVOLONE VALPADANA;Piacenza (PC);;Piacenza;42184;;
PIACENZA;PIACENZA;CONSORZIO VINI DOC COLLI PIACENTINI;Il Consorzio di tutela dei Vini D.O.C. Colli piacentini, si è costituito nel 1986 sotto l'egida della Camera di Commercio di Piacenza, per iniziativa di 19 produttori, senza scopo di lucro. Il suo è un ruolo che si esplica essenzialmente in due...;http://turismo.provincia.piacenza.it/index.php?option=com_zoo&task=item&item_id=7775&category_id=307&Itemid=309&lang=it;http://turismo.provincia.piacenza.it/images/stories/loghi/consorzio_collipiacentini_logo.jpg;CONSORZIO VINI DOC COLLI PIACENTINI;Strada Valnure, 3 - Piacenza (PC);;Piacenza;42184;;
BORGO VAL DI TARO;PARMA;Consorzio Fungo di Borgotaro;Il Consorzio per la tutela dell'Indicazione Geografica Protetta Fungo di Borgotaro è stato istituito nel 1995 a tutela del Fungo di Borgotaro fresco. Tra i compiti del Consorzio vi sono la valorizzazione e la propaganda del Fungo di Borgotaro, in Italia e all'estero, e la promozione di studi e ...;http://www.turismo.comune.parma.it/it/canali-tematici/enogastronomia/luoghi-del-gusto/consorzio-fungo-di-borgotaro;http://www.turismo.comune.parma.it/it/canali-tematici/enogastronomia/luoghi-del-gusto/consorzio-fungo-di-borgotaro/immagine;Consorzio Fungo di Borgotaro;Via Nazionale, 54 - 43043 - Borgo Val di Taro (PR);;Parma;42132;;
COLLECCHIO;PARMA;Museo della Pasta;Presso la stupenda corte agricola medievale di Giarola a Collecchio viene allestito il Museo della Pasta, a completare un percorso di approfondimento dei più importanti prodotti alimentari del territorio. La pasta secca di semola di grano duro, di origine mediorientale, ha trovato in Italia la ...;http://www.turismo.comune.parma.it/it/canali-tematici/enogastronomia/luoghi-del-gusto/museo-della-pasta;http://www.turismo.comune.parma.it/it/canali-tematici/enogastronomia/luoghi-del-gusto/museo-della-pasta/immagine;Museo della Pasta;Corte di Giarola, Strada Giarola, 11 - 43044 - Collecchio (PR);;Parma;42132;;
COLLECCHIO;PARMA;Museo del Pomodoro;Di origine americana, il pomodoro ha trovato proprio in provincia di Parma terreno fertile già a partire dalle seconda metà dell'ottocento. La sede del museo non poteva essere più adeguata: all'interno della Corte di Giarola, in un centro di trasformazione agroalimentare d'epoca medioevale, sede ...;http://www.turismo.comune.parma.it/it/canali-tematici/enogastronomia/luoghi-del-gusto/museo-del-pomodoro;http://www.turismo.comune.parma.it/it/canali-tematici/enogastronomia/luoghi-del-gusto/museo-del-pomodoro/immagine;Museo del Pomodoro;Corte di Giarola, Strada Giarola, 11 - 43044 - Collecchio (PR);;Parma;42132;;
COLORNO;PARMA;Alma scuola internazionale di cucina italiana;I sapori e i prodotti del territorio parmense fanno di Parma una delle città più famose nel mondo per quanto riguarda le specialità gastronomiche. Per questo la prima scuola culinaria italiana di alto livello (Alma) ha sede in questa zona. La scuola occupa una superficie di 3000 mq all'interno ...;http://www.turismo.comune.parma.it/it/canali-tematici/enogastronomia/luoghi-del-gusto/alma-scuola-internazionale-di-cucina-italiana;http://www.turismo.comune.parma.it/it/canali-tematici/enogastronomia/luoghi-del-gusto/alma-scuola-internazionale-di-cucina-italiana/immagine;Alma scuola internazionale di cucina italiana;Piazza Garibaldi, 26 - 43012 - Colorno (PR);;Parma;42132;;
FELINO;PARMA;Museo del Salame;Il Museo fa parte dei Musei del cibo della Provincia di Parma ed è dedicato al salame più rinomato d'Italia. In mostra strumenti, attrezzature e immagini d'epoca, con un percorso suddiviso in due sezioni: dall'arte della norcineria si passa attraverso le fasi della lavorazione e della salatura ...;http://www.turismo.comune.parma.it/it/canali-tematici/enogastronomia/luoghi-del-gusto/museo-del-salame;http://www.turismo.comune.parma.it/it/canali-tematici/enogastronomia/luoghi-del-gusto/museo-del-salame/immagine;Museo del Salame;Castello di Felino, Via al Castello, 1 - 43035 - Felino (PR);;Parma;42132;;
LANGHIRANO;PARMA;Museo del Prosciutto di Parma;Seconda tappa del progetto denominato Musei del Cibo, doveroso omaggio alle eccellenze di questo fortunatissimo lembo di pianura padana: Parmigiano-Reggiano, Prosciutto, Pomodoro, il Museo del Prosciutto nasce a pochi km dalle culle da Felino (salame) e Zibello (culatello), tappa obbligata sulla ...;http://www.turismo.comune.parma.it/it/canali-tematici/enogastronomia/luoghi-del-gusto/museo-del-prosciutto-di-parma;http://www.turismo.comune.parma.it/it/canali-tematici/enogastronomia/luoghi-del-gusto/museo-del-prosciutto-di-parma/immagine;Museo del Prosciutto di Parma;Via Bocchialini, 7 - 43013 - Langhirano (PR);;Parma;42132;;
PARMA;PARMA;Academia Barilla;Academia Barilla offre corsi di cucina sia a semplici appassionati che a professionisti con particolari esigenze di programmazione o interessi culinari. I corsi spaziano dalla singola giornata per gli amanti di vino e gastronomia ai 4 giorni per corsi più specifici fino alle due settimane dei ...;http://www.turismo.comune.parma.it/it/canali-tematici/enogastronomia/luoghi-del-gusto/academia-barilla;http://www.turismo.comune.parma.it/it/canali-tematici/enogastronomia/luoghi-del-gusto/academia-barilla/immagine;Academia Barilla;Largo Calamandrei, 3/A - 43100 - Parma (PR);;Parma;42132;;
PARMA;PARMA;Consorzio del Parmigiano Reggiano;Il Consorzio del Parmigiano-Reggiano nasce per promuovere e garantire l'origine del formaggio grana prodotto nelle province di Parma, Reggio Emilia, Modena, Mantova, (la parte alla destra del fiume Po) e Bologna (la parte alla sinistra del fiume Reno). La sua estensione territoriale, di circa ...;http://www.turismo.comune.parma.it/it/canali-tematici/enogastronomia/luoghi-del-gusto/consorzio-del-parmigiano-reggiano;http://www.turismo.comune.parma.it/it/canali-tematici/enogastronomia/luoghi-del-gusto/consorzio-del-parmigiano-reggiano/immagine;Consorzio del Parmigiano Reggiano;Strada Dei Mercati, 9/E - 43126 - Parma (PR);;Parma;42132;;
PARMA;PARMA;Consorzio del Prosciutto di Parma;Il Consorzio del Prosciutto di Parma nasce nel 1963 come organizzazione degli allora 23 produttori, oggi 189, che utilizzavano il tradizionale metodo di lavorazione, con lo scopo di tutelare la qualità del Re dei Prosciutti, riconoscibili dal caratteristico marchio a corona, la Corona ducale. ...;http://www.turismo.comune.parma.it/it/canali-tematici/enogastronomia/luoghi-del-gusto/consorzio-del-prosciutto-di-parma;http://www.turismo.comune.parma.it/it/canali-tematici/enogastronomia/luoghi-del-gusto/consorzio-del-prosciutto-di-parma/immagine;Consorzio del Prosciutto di Parma;Largo Calamandrei, 1/A - 43123 - Parma (PR);;Parma;42132;;
PARMA;PARMA;La food valley;Parma, da sempre sinonimo della buona tavola, con la sua vocazione gastronomica e alimentare si è guadagnata l'appellativo di 'Food Valley'. Terra dei sapori per eccellenza, il parmense vanta tradizioni secolari. Nel corso degli anni queste tradizioni sono state via via affiancate dalla moderna ...;http://www.turismo.comune.parma.it/it/canali-tematici/enogastronomia/luoghi-del-gusto/la-food-valley;http://www.turismo.comune.parma.it/it/canali-tematici/enogastronomia/luoghi-del-gusto/la-food-valley/immagine;La food valley;Parma (PR);;Parma;42132;;
PARMA;PARMA;La pentola magica;Laboratorio di gastrobomia vegana in cui è possible consumare un pasto in loco (ci sono circa 10 posti a sedere) o effettuare un take away. Materie prime biologiche certificate, di stagione, nessun prodotto animale nè derivati, solo dolcificanti naturali (malto di riso, succo d'agave e stevia) ...;http://www.turismo.comune.parma.it/it/canali-tematici/enogastronomia/luoghi-del-gusto/la-pentola-magica;http://www.turismo.comune.parma.it/it/canali-tematici/enogastronomia/luoghi-del-gusto/la-pentola-magica/immagine;La pentola magica;Via Egidio Pini, 57/a - 43126 - Parma (PR);;Parma;42132;;
PARMA;PARMA;Mangia la foglia bio;Mangia la foglia bio è una eco gastronomia dove si può prendere qualcosa al negozio oppure ordinarlo per la consegna a domicilio con una piccola spesa aggiuntiva. Si può quindi degustare sul posto o portar via, ordinare al telefono la consegna che avverrà con mezzi ecologici, a Parma o nei primi ...;http://www.turismo.comune.parma.it/it/canali-tematici/enogastronomia/luoghi-del-gusto/mangia-la-foglia-bio;http://www.turismo.comune.parma.it/it/canali-tematici/enogastronomia/luoghi-del-gusto/mangia-la-foglia-bio/immagine;Mangia la foglia bio;Via Bixio, 17/a - 43125 - Parma (PR);;Parma;42132;;
PARMA;PARMA;Musei del cibo;i Musei del Cibo della Provincia di Parma sono un circuito dedicato ai prodotti tipici del territorio parmense, un progetto di qualità che offre la possibilità di entrare e scoprire secoli di tradizione finalizzati a produrre cibi di altissima qualità. I Musei del Cibo vengono così ad inserirsi ...;http://www.turismo.comune.parma.it/it/canali-tematici/enogastronomia/luoghi-del-gusto/musei-del-cibo;http://www.turismo.comune.parma.it/it/canali-tematici/enogastronomia/luoghi-del-gusto/musei-del-cibo/immagine;locandina musei del cibo;Parma (PR);;Parma;42132;;
PARMA;PARMA;Ratatouille cucina naturale;Gastronomia di cucina naturale, secondo i principi vegani e con materie prime esclusivamente biologiche dove è possibile consumare un pasto in loco (i posti a sedere sono 10) oppure effettuare un take away.;http://www.turismo.comune.parma.it/it/canali-tematici/enogastronomia/luoghi-del-gusto/ratatouille-cucina-naturale;http://www.turismo.comune.parma.it/it/canali-tematici/enogastronomia/luoghi-del-gusto/ratatouille-cucina-naturale/immagine;Ratatouille cucina naturale;Via Giovenale, 15/b - 43123 - Parma (PR);;Parma;42132;;
POLESINE PARMENSE;PARMA;Museo del Culatello;è prevista per il 21 marzo 2015 l?inaugurazione di un percorso tematico, tra audioguide, pannelli e luoghi del gusto, dedicato al simbolo della ricchezza enogastronomica del territorio per eccellenza. Frutto di un?idea di Massimo e Luciano Spigaroli, affidata, per la fase realizzativa, alla ...;http://www.turismo.comune.parma.it/it/canali-tematici/enogastronomia/luoghi-del-gusto/museo-del-culatello;http://www.turismo.comune.parma.it/it/canali-tematici/enogastronomia/luoghi-del-gusto/museo-del-culatello/immagine;Museo del Culatello;Antica Corte Pallavicina, Strada del Palazzo Due Torri, 3 - Polesine Parmense (PR);;Parma;42132;;
SALA BAGANZA;PARMA;La cantina dei Musei del Cibo. Il Museo del Vino;Le suggestive cantine della Rocca di Sala Baganza diventano da ora sede del Museo del Vino, un percorso espositivo e sensoriale interamente dedicato al vino di Parma, alla sua storia e alla sua cultura, situato al centro di una zona a vocazione vitivinicola da secoli. Questa ?cantina dei Musei ...;http://www.turismo.comune.parma.it/it/canali-tematici/enogastronomia/luoghi-del-gusto/la-cantina-dei-musei-del-cibo-il-museo-del-vino;http://www.turismo.comune.parma.it/it/canali-tematici/enogastronomia/luoghi-del-gusto/la-cantina-dei-musei-del-cibo-il-museo-del-vino/immagine;La cantina dei Musei del Cibo. Il Museo del Vino;Rocca, Piazza Gramsci, 1 - 43038 - Sala Baganza (PR);;Parma;42132;;
SALSOMAGGIORE TERME;PARMA;Apicoltore - Casa Pietra;Nel laboratorio di apicoltura dell'antica dimora agreste, chiamata Casa Pietra, situata sulle verdi colline di Salsomaggiore Terme, tra le frazioni di Tabiano Castello e San Vittore, si trovano tutti i sapori, profumi e colori dei prodotti tipici dell'alveare così come vengono ...;http://www.portalesalsomaggiore.it/page.asp?IDCategoria=3510&IDSezione=23828&ID=474339;;;Località San Vittore, 31 - 43039 Salsomaggiore (PR);;Salsomaggiore;41739;44.765416;9.988738
SALSOMAGGIORE TERME;PARMA;Gastronomia Formaggio - Parmigiano Reggiano;Il Parmigiano Reggiano è un prodotto gastronomico apprezzato in tutto il mondo e sembra abbia origini antichissime: fonti bibliografiche di epoca romana citano, infatti un formaggio di provenienza parmense, anche se la testimonianza più nota e precisa è quella del Boccaccio, che nel ...;http://www.portalesalsomaggiore.it/page.asp?IDCategoria=3510&IDSezione=23828&ID=147574;http://www.portalesalsomaggiore.it/allegato.asp?ID=418903;il Parmigiano Reggiano;Piazza Libertà, 1 - 43039 Salsomaggiore Terme (PR);;Salsomaggiore;41739;44.806115;10.30533
SALSOMAGGIORE TERME;PARMA;Produzione Degustazione Vini Locali - Azienda Agricola Contignaco;L'azienda agricola Contignaco è da tempo impegnata nella ricerca e riscoperta di metodi di produzione e di vinificazione antichi e tradizionali. I vini sono prodotti esclusivamente con uve aziendali in modo da poter controllare ogni fase della produzione. Le uve sono difese con ...;http://www.portalesalsomaggiore.it/page.asp?IDCategoria=3510&IDSezione=23828&ID=147575;http://www.portalesalsomaggiore.it/allegato.asp?ID=418946;i vitigni;Località Contignaco Castello, 125 - 43039 Salsomaggiore (PR);;Salsomaggiore;41739;44.777784;9.933057
SALSOMAGGIORE TERME;PARMA;Produzione Degustazione Vini Locali - Tenuta Il Poggiolo;La tenuta nasce nel territorio pedemontano parmense, dove i corsi d'acqua abbandonano le ultime propaggini dell'Appennino e si distendono nell'alta pianura. L'attenta caratterizzazione dei terreni, preventivamente effettuata attraverso accurati controlli analitici e la conseguente ...;http://www.portalesalsomaggiore.it/page.asp?IDCategoria=3510&IDSezione=23828&ID=474293;;;Località Cangelasio, 199 - 43039 Salsomaggiore Terme (PR);;Salsomaggiore;41739;44.808137;9.927324
SAN SECONDO PARMENSE;PARMA;Museo d'arte olearia Orsi Coppini;Il MuseoAgorà Orsi Coppini riporta finalmente l'olivo nel parmense e prende forma da un'idea-mondo che associa il coltivare al conoscere, l'amore per la natura all'amore per il sapere e per l'uomo. Una zona da sempre vocata all'agroalimentare, un casello dell'800 per la produzione del parmigiano ...;http://www.turismo.comune.parma.it/it/canali-tematici/enogastronomia/luoghi-del-gusto/museo-darte-olearia-orsi-coppini;http://www.turismo.comune.parma.it/it/canali-tematici/enogastronomia/luoghi-del-gusto/museo-darte-olearia-orsi-coppini/immagine;Museo d'arte olearia Orsi Coppini;Via Bruno Ferrari, 3 - 43017 - San Secondo Parmense (PR);;Parma;42132;;
SORAGNA;PARMA;Museo del Parmigiano Reggiano;Il Museo, che fa parte del circuito dei Musei del Cibo, è ospitato nel vecchio caseificio o casello, appositamente restaurato, del principe Meli Lupi. In questo casello, di struttura rotonda, è stato ricreato un tipico caseificio dei primi del novecento, con tutto l'equipaggiamento necessario ...;http://www.turismo.comune.parma.it/it/canali-tematici/enogastronomia/luoghi-del-gusto/museo-del-parmigiano-reggiano;http://www.turismo.comune.parma.it/it/canali-tematici/enogastronomia/luoghi-del-gusto/museo-del-parmigiano-reggiano/immagine;Museo del Parmigiano Reggiano;Corte Castellazzi ingresso da Viale dei Mille - 43019 - Soragna (PR);;Parma;42132;;
ZIBELLO;PARMA;Consorzio del Culatello di Zibello;Il Consorzio del Culatello di Zibello, creato a tutela della qualità e della tipicità di questo inimitabile prodotto. si propone attraverso una regolamentazione severa, di controllare la lavorazione, la stagionatura ed anche l'origine delle carni, per garantire la qualità del Culatello di ...;http://www.turismo.comune.parma.it/it/canali-tematici/enogastronomia/luoghi-del-gusto/consorzio-del-culatello-di-zibello;http://www.turismo.comune.parma.it/it/canali-tematici/enogastronomia/luoghi-del-gusto/consorzio-del-culatello-di-zibello/immagine;Consorzio del Culatello di Zibello;Piazza Garibaldi, 34 - 43010 - Zibello (PR);;Parma;42132;;
ALBINEA;REGGIO EMILIA;Acetaia Comunale di Albinea;Si respira l?atmosfera di un tempo che si è fermato, quando la produzione seguiva pazientemente i ritmi naturali e l?aceto riposava silenzioso nelle sue botti profumate di legno e di mosto.;http://turismo.comune.re.it/it/albinea/enogastronomia/luoghi-del-gusto/albinea-acetaia-comunale;;;Via Garibaldi, 15 - 42020 Albinea;Albinea;Reggio Emilia;42081;44.612863;10.600007
BUSANA;REGGIO EMILIA;"Acetaia ""Il Vascello del Monsignore""";;http://www.appenninoreggiano.it/schede.asp?lang=it&d=acetaia-il-vascello-del-monsignore;http://www.appenninoreggiano.it/img_71925881A103099CC1257515003A294C.jpg.axd;"Acetaia ""Il Vascello del Monsignore""";Via Ca' di Sotto, 5 - Cervarezza Terme;42032 BUSANA (RE);Appennino Reggiano;42174;;
CASTELNOVO NE'MONTI;REGGIO EMILIA;Latterie d'Appennino;;http://www.appenninoreggiano.it/schede.asp?lang=it&d=latterie-dappennino-2;;;Appennino Reggiano;42035 CASTELNOVO NE MONTI (RE);Appennino Reggiano;42174;;
NOVELLARA;REGGIO EMILIA;Novellara - Acetaia Comunale;L?Acetaia comunale, dove invecchia il prezioso Aceto Balsamico tradizionale di Reggio, si trova nel sottotetto della Rocca dei Gonzaga, residenza municipale nel cuore del centro storico di Novellara.;http://turismo.comune.re.it/it/novellara/enogastronomia/luoghi-del-gusto/novellara-acetaia-comunale;;;Piazzale Marconi, 1 - 42017 Novellara;;Reggio Emilia;42081;44.844498;10.731021
REGGIO NELL'EMILIA;REGGIO EMILIA;Casello o caseificio;I caselli erano piccoli edifici a pianta quadrata o poligonale dove avveniva la lavorazione del latte per il Parmigiano-Reggiano e il burro .;http://turismo.comune.re.it/it/reggio-emilia/enogastronomia/luoghi-del-gusto/casello-o-caseificio;;;Reggio Emilia;;Reggio Emilia;42081;44.697976;10.630476
REGGIO NELL'EMILIA;REGGIO EMILIA;Le Cantine;Dalla Montagna alla Bassa (il confine tra le due zone è segnato dalla via Emilia),, la storia e la cultura di questo territorio hanno sempre palpitato intorno alla campagna e ai suoi frutti: il cibo, i saperi, i valori.;http://turismo.comune.re.it/it/reggio-emilia/enogastronomia/luoghi-del-gusto/le-cantine;;;Reggio Emilia;;Reggio Emilia;42081;44.697976;10.630476
REGGIO NELL'EMILIA;REGGIO EMILIA;Le pasticcerie;La pasticceria è un'arte e in città si può scoprire un itinerario goloso provando le specialità reggiane.;http://turismo.comune.re.it/it/reggio-emilia/enogastronomia/luoghi-del-gusto/le-pasticcerie;;;Reggio Emilia;;Reggio Emilia;42081;44.697976;10.630476
REGGIO NELL'EMILIA;REGGIO EMILIA;Nelle panetterie reggiane;Le panetterie di Reggio, oltre a vendere il pane, la pasta e altri conforti alimentari per le necessi­tà quotidiane, rappresentano anche un veloce ?pronto soccorso? per uno spuntino di mezza mattina.;http://turismo.comune.re.it/it/reggio-emilia/enogastronomia/luoghi-del-gusto/nelle-panetterie-reggiane;;;Reggio Emilia;;Reggio Emilia;42081;44.697976;10.630476
SCANDIANO;REGGIO EMILIA;Scandiano - Sede Associata all'Enoteca Regionale;La terra dei Boiardo e la Rocca sono la sede reggiana dell?enoteca regionale, grazie alla consolidata connotazione vinicola ed enologica di questo territorio .;http://turismo.comune.re.it/it/scandiano/enogastronomia/luoghi-del-gusto/scandiano-sede-associata-allenoteca-regionale;;;Via della Rocca - 42019 Scandiano;;Reggio Emilia;42081;44.59826;10.686779
VIANO;REGGIO EMILIA;Alla Scoperta dell'Aceto Balsamico del Cavazzone;;http://www.appenninoreggiano.it/schede.asp?lang=it&d=alla-scoperta-dellaceto-balsamico-del-cavazzone;;;Via Cavazzone 4;42030 VIANO (RE);Appennino Reggiano;42174;;
CAMPOGALLIANO;MODENA;Acetaia comunale di Campogalliano;;http://www.visitmodena.it/it/informazioni-turistiche/enogastronomia/luoghi-del-gusto/acetaia-comunale-di-campogalliano;;;via Albone, 14 presso Riserva naturale delle Casse di Espansione - Campogalliano (MO);;Modena;42153;;
CARPI;MODENA;Acetaia comunale di Carpi;L'Acetaia Comunale di Carpi è situata nel sottottetto di Palazzo Scacchetti. L'Amministrazione Comunale ha voluto rendere omaggio a questo prodotto tipico anche del territorio locale, realizzando un'acetaia in grado di dar vita al Balsamico. L'acetaia è composta da 3 batterie di botticelle ...;http://www.visitmodena.it/it/informazioni-turistiche/enogastronomia/luoghi-del-gusto/acetaia-comunale-di-carpi;;;Palazzo Scacchetti - Corso Alberto Pio, 91 - 41012 - Carpi (MO);;Modena;42153;;
CASTELVETRO DI MODENA;MODENA;Acetaia comunale di Castelvetro di Modena;Allestita nel Palazzo Rangoni è gestita dai maestri assaggiatori castelvetresi della Consorteria di Spilamberto.;http://www.visitmodena.it/it/informazioni-turistiche/enogastronomia/luoghi-del-gusto/acetaia-comunale-di-castelvetro-di-modena;;;Via Tasso 28 - Castelvetro di Modena (MO);;Modena;42153;;
FRASSINORO;MODENA;Consorzio del Tartufo di Romanoro;Del consorzio fanno parte i proprietari e i conduttori dei terreni inclusi nella tartufaia controllata la cui adesione sia stata accolta e, tra questi, i tarufai autorizzati ad entrare in questo territorio devono, oltre che essere muniti di tesserino di abilitazione alla raccolta del tartufo, ...;http://www.appenninomodenese.net/ar75/index.cfm?event=scheda10&qpTemaID=11&qpNEWS_ID=40279;;;Via Chiesa, 54 - 41044 Frassinoro MO;;Appennino Modenese;42128;44.339226;10.611287
FRASSINORO;MODENA;Cooperativa Caseario Val Dolo;In questa cooperativa si produce Parmigiano Reggiano di ottima qualità. Le mucche si nutrono di fieno raccolto in terre ricche di principi minerali, cresciuto con un clima fresco ed asciutto e con buona acqua. Queste particolari condizioni concorrono alla creazione di formaggi che danno un ...;http://www.appenninomodenese.net/ar75/index.cfm?event=scheda10&qpTemaID=11&qpNEWS_ID=1540;;;Via Chiesa, 36 - 41045 Frassinoro MO;;Appennino Modenese;42128;44.33989;10.614607
FRASSINORO;MODENA;Cooperativa Sociale San Rocco;La Cooperativa Sociale S. Rocco nasce nel settembre del 1997, con lo scopo di creare nuovi posti di lavoro ed integrare persone socialmente svantaggiate. Per perseguire tale scopo la Cooperativa si occupa di silvicoltura, con il taglio dei boschi la produzione e commercializzazione delle ...;http://www.appenninomodenese.net/ar75/index.cfm?event=scheda10&qpTemaID=11&qpNEWS_ID=90002208;;;Via Macchiaccia, 1 - 41045 Frassinoro MO;;Appennino Modenese;42128;44.296833;10.572998
LAMA MOCOGNO;MODENA;Caseificio sociale Beato Marco;Fondato nel 1962 il Caseificio è stato ristrutturato e rinnovato alla fine degli anni 90 e si è ingranditoin seguito alla fusione con il Caseificio Sant'Apollinare di Vaglio. Punto vendita distaccato in Via Vaglio 51 a Vaglio;http://www.appenninomodenese.net/ar75/index.cfm?event=scheda10&qpTemaID=11&qpNEWS_ID=120002964;;;Via per Palagano 73 - 41023 Lama Mocogno MO;;Appennino Modenese;42128;44.30846;10.731348
LAMA MOCOGNO;MODENA;Caseificio sociale San Giuseppe;Il caseificio mantiene ancora tecniche di di lavorazione di tipo artigianale che richiamano il forte legane che sussiste con la tradizione rurale locale;http://www.appenninomodenese.net/ar75/index.cfm?event=scheda10&qpTemaID=11&qpNEWS_ID=120002965;;;Via Pangone 11 - 41023 Lama Mocogno MO;;Appennino Modenese;42128;44.331688;10.697253
MIRANDOLA;MODENA;Acetaia comunale di Mirandola - attualmente inagibile causa terremoto del 2012;"Indizi storici e documenti relativi alla gastronomia mirandolese all'epoca dei Pico lasciano intuire come presso i solai del Castello e nei palazzi della cittadella fortificata fossero presenti batterie di aceto ""alla modenese"".";http://www.visitmodena.it/it/informazioni-turistiche/enogastronomia/luoghi-del-gusto/acetaia-comunale-di-mirandola-attualmente-inagibile-causa-terremoto-del-2012;;;Castello dei Pico Piazza G. Marconi, 23 - 41037 - Mirandola (MO);;Modena;42153;;
MODENA;MODENA;Acetaia Barbieri Giuliani;Production of traditional balsamic vinegar;http://www.visitmodena.it/it/informazioni-turistiche/enogastronomia/luoghi-del-gusto/acetaia-barbieri-giuliani;;;via dei Bononcini 88 - 41124 - Modena (MO);;Modena;42153;;
MODENA;MODENA;Acetaia Cattani;Produzione di aceto balsamico DOP e IGP. Visite guidate alla produzione su appuntamento.;http://www.visitmodena.it/it/informazioni-turistiche/enogastronomia/luoghi-del-gusto/acetaia-cattani;;;via Emilia Est 1755 - 41122 - Modena (MO);;Modena;42153;;
MODENA;MODENA;Acetaia comunale di Modena;L'Acetaia, creata nel 2003 nel sottotetto del Palazzo Comunale, a cura della Consorteria dell'Aceto balsamico tradizionale di Modena, ospita tre batterie: due più piccole, da sei botticelle ciascuna, che hanno preso i nomi dai fiumi Secchia e Panaro e una da dieci botticelle intitolata alla ...;http://www.visitmodena.it/it/informazioni-turistiche/enogastronomia/luoghi-del-gusto/acetaia-comunale-di-modena;;;via Scudari, 20 c/o Residenza Municipale - 41121 - Modena (MO);;Modena;42153;;
MODENA;MODENA;Acetaia di Giorgio;Produzione e vendita Aceto Balsamico Tradizionale di Modena DOP. Le visite, preventivamente concordate, sono gradite.;http://www.visitmodena.it/it/informazioni-turistiche/enogastronomia/luoghi-del-gusto/acetaia-di-giorgio;;;via Sandro Cabassi, 67 - 41123 - Modena (MO);;Modena;42153;;
MODENA;MODENA;Acetaia Fabbi;Produzione e vendita di aceto balsamico tradizionale DOP e IGP. Visite guidate su appuntamento.;http://www.visitmodena.it/it/informazioni-turistiche/enogastronomia/luoghi-del-gusto/acetaia-fabbi;;;Stradello Bonaghino, 56/A - 41126 - Modena (MO);Collegara;Modena;42153;;
MODENA;MODENA;Acetaia Galli;Azienda agricola produttrice di Aceto Balsamico Tradizionale di Modena DOP. Le visite all'acetaia e al vigneto sono molto gradite, si prega di telefonare per fissare l'appuntamento.;http://www.visitmodena.it/it/informazioni-turistiche/enogastronomia/luoghi-del-gusto/acetaia-galli;;;via Albareto 452 - 41122 - Modena (MO);;Modena;42153;;
MODENA;MODENA;Acetaia Malpighi;Produzione e vendita di aceto balsamico tradizionale DOP. Visite guidate su appuntamento.;http://www.visitmodena.it/it/informazioni-turistiche/enogastronomia/luoghi-del-gusto/acetaia-malpighi;;;Via Pica, 310 - 41126 - Modena (MO);San Donnino;Modena;42153;;
MODENA;MODENA;Acetaia Rustichelli;Produzione e vendita di aceto balsamico tradizionale. Visite guidate su appuntamento.;http://www.visitmodena.it/it/informazioni-turistiche/enogastronomia/luoghi-del-gusto/acetaia-rustichelli;;;via Guido d'Arezzo, 5 - 41122 - Modena (MO);;Modena;42153;;
MODENA;MODENA;Acetaia Villa Bianca;Produzione e vendita di aceto balsamico tradizionale DOP. Visite guidate su appuntamento.;http://www.visitmodena.it/it/informazioni-turistiche/enogastronomia/luoghi-del-gusto/acetaia-villa-bianca;;;via Scartazza, 115 - 41126 - Modena (MO);San Damaso;Modena;42153;;
MODENA;MODENA;Acetaia Villa San Donnino;Produzione e vendita di aceto balsamico tradizionale DOP. Visite guidate su appuntamento.;http://www.visitmodena.it/it/informazioni-turistiche/enogastronomia/luoghi-del-gusto/acetaia-villa-san-donnino;;;Strada Medicina 25/1 - 41126 - Modena (MO);San Donnino;Modena;42153;;
MODENA;MODENA;Aceto Modena Società Agricola;Produzione e vendita di aceto balsamico DOP e IGP. Le visite sono gradite con prenotazione.;http://www.visitmodena.it/it/informazioni-turistiche/enogastronomia/luoghi-del-gusto/aceto-modena-societa-agricola;;;Strada Borelle 120 - 41126 - Modena (MO);;Modena;42153;;
MODENA;MODENA;Antica Acetaia del Mulino di Navicello;Apertura su appuntamento. Produzione e vendita di aceto balsamico tradizionale DOP. Visite con degustazione gratuite. Sempre su prenotazione degustazioni a tema con abbinamenti tra l?Aceto Balsamico Tradizionale e alcuni piatti della cucina tradizionale emiliana. Per informazioni: Tel. ...;http://www.visitmodena.it/it/informazioni-turistiche/enogastronomia/luoghi-del-gusto/antica-acetaia-del-mulino-di-navicello;;;Via Nonantolana 1335 - 41122 - Modena (MO);Navicello;Modena;42153;;
MODENA;MODENA;Gran Deposito Aceto Balsamico Giusti;Produzione e vendita di aceto balsamico tradizionale DOP e IGP. Visite guidate su appuntamento.;http://www.visitmodena.it/it/informazioni-turistiche/enogastronomia/luoghi-del-gusto/gran-deposito-aceto-balsamico-giusti;;;Strada Quattro Ville, 155 - 41123 - Modena (MO);Lesignana;Modena;42153;;
MODENA;MODENA;Spezieria Monastica ed Acetaia dei Padri Benedettini;Pare che fin dal X secolo il monastero benedettino modenese risulti dotato di una spezieria a servizio, almeno, della infermeria interna. Ma è in occasione della ricostruzione cinquecentesca del complesso abbaziale che la spezieria fu collocata a ridosso dell?accesso principale. Posizione, ...;http://www.visitmodena.it/it/informazioni-turistiche/enogastronomia/luoghi-del-gusto/spezieria-monastica-ed-acetaia-dei-padri-benedettini;;;Via San Pietro 7 - 41121 - Modena (MO);;Modena;42153;;
MODENA;MODENA;Visite guidate alle acetaie;Questi consorzi organizzano visite guidate alle acetaie: Consorzio Produttori Antiche Acetaie Strada Vaciglio Sud, 1085/1 - Modena Telefono: 059/395633 Web , Email Consorzio tutela aceto balsamico tradizionale di Modena c/o CCIAA di Modena, Via Ganaceto 134 Modena Telefono :  059/ 208.604  Web ...;http://www.visitmodena.it/it/informazioni-turistiche/enogastronomia/luoghi-del-gusto/visite-guidate-alle-acetaie;;;Modena (MO);;Modena;42153;;
MONTEFIORINO;MODENA;Torte Gualmini;A Montefiorino, un piccolo centro dell'Appennino modenese, nascono le Torte Gualmini: una rosa di prodotti freschissimi e originali creati dalla riscoperta di antiche ricette tradizionali. Con la cura artigianale della migliore arte pasticcera e con la fantasia di una impresa moderna e dinamica, ...;http://www.appenninomodenese.net/ar75/index.cfm?event=scheda10&qpTemaID=11&qpNEWS_ID=90002209;;;Via Provinciale per Lama 58/1 - 41045 Montefiorino MO;;Appennino Modenese;42128;44.357018;10.621852
NONANTOLA;MODENA;Acetaia comunale di Nonantola;L'acetaia comunale di Nonantola, è aperta su preotazione;http://www.visitmodena.it/it/informazioni-turistiche/enogastronomia/luoghi-del-gusto/acetaia-comunale-di-nonantola;;;via Marconi, 11 - Nonantola (MO);;Modena;42153;;
PAVULLO NEL FRIGNANO;MODENA;"Caseificio - ""Az. Agr. Baruffi Ferruccio";Produzione di formaggio Parmigiano Reggiano, ricotta e burro.E' presente un punto vendita all'interno del caseificio.;http://www.appenninomodenese.net/ar75/index.cfm?event=scheda10&qpTemaID=11&qpNEWS_ID=100000860;;;Via Camurana, 14/16 - 41026 Pavullo Nel Frignano MO;;Appennino Modenese;42128;44.363194;10.876335
PAVULLO NEL FRIGNANO;MODENA;"Caseificio - ""Cas. Soc. Tre Torri Soc. Coop. Arl""";Produzione di formaggio Parmigiano Reggiano, ricotta e burro.E' presente un punto vendita all'interno del caseificio.;http://www.appenninomodenese.net/ar75/index.cfm?event=scheda10&qpTemaID=11&qpNEWS_ID=100000861;;;Via Verica, 4/6 - 41026 Pavullo Nel Frignano MO;;Appennino Modenese;42128;44.33712;10.868076
PIEVEPELAGO;MODENA;Caseificio Bernardi;Produzione di Parmigiano Reggiano e prodotti caseari;http://www.appenninomodenese.net/ar75/index.cfm?event=scheda10&qpTemaID=11&qpNEWS_ID=10018;;;via Radici 82 - - 41020 Pievepelago MO;;Appennino Modenese;42128;44.198727;10.544281
PIEVEPELAGO;MODENA;Caseificio Pievepelago;prodotti tipici caseari area Parmigiano Reggiano;http://www.appenninomodenese.net/ar75/index.cfm?event=scheda10&qpTemaID=11&qpNEWS_ID=10017;;;Via Isola Lunga,4 - 41027 Pievepelago MO;;Appennino Modenese;42128;44.206055;10.616916
POLINAGO;MODENA;Caseifici;CASEIFICIO S. MARIA: Rivendita al pubblico. Via del Fiorentino, 2 Cinghianello, tel. 0536/ 47387;http://www.appenninomodenese.net/ar75/index.cfm?event=scheda10&qpTemaID=11&qpNEWS_ID=2356;;;Corso Roma n. 71 - 41040 Polinago MO;;Appennino Modenese;42128;44.344337;10.72106
PRIGNANO SULLA SECCHIA;MODENA;Apicoltura Castellari Gianni;Produzione e vendita prodotti caseari e tipici della zona.;http://www.appenninomodenese.net/ar75/index.cfm?event=scheda10&qpTemaID=11&qpNEWS_ID=90002207;;;Via Braidella, 15 - 41048 Prignano sulla Secchia MO;;Appennino Modenese;42128;44.438961;10.692274
PRIGNANO SULLA SECCHIA;MODENA;Cooperativa Casearia San Lorenzo;Produzione e vendita prodotti caseari e tipici della zona.;http://www.appenninomodenese.net/ar75/index.cfm?event=scheda10&qpTemaID=11&qpNEWS_ID=2711;;;Via Torre, 409 - 41048 Prignano sulla Secchia MO;;Appennino Modenese;42128;;
PRIGNANO SULLA SECCHIA;MODENA;Forno Monti Emanuele;Specialità: pane, pizza e focaccia. Servizi: bottega di alimentari e altro.;http://www.appenninomodenese.net/ar75/index.cfm?event=scheda10&qpTemaID=11&qpNEWS_ID=90004119;;;via Serramazzoni, 1204 - 41048 Prignano sulla Secchia MO;;Appennino Modenese;42128;44.438961;10.692274
SASSUOLO;MODENA;Acetaia comunale di Sassuolo;;http://www.visitmodena.it/it/informazioni-turistiche/enogastronomia/luoghi-del-gusto/acetaia-comunale-di-sassuolo;;;Via Montegibbio c/o Castello di Montegibbio - 41049 - Sassuolo (MO);;Modena;42153;;
SERRAMAZZONI;MODENA;4 Madonne caseificio dell?Emilia S.c.a. (ex Caseificio sociale San Giovanni soc. agri. coop.);Nel 2013 il 4 Madonne Caseificio dell'Emilia incorpora il caseificio San Giovanni di Varana di Serramazzoni dove conferiscono 11 soci e si producono giornalmente poco più di una ventina di forme (di cui una parte è Parmigiano Reggiano Biologico) per un totale di circa 8.000 forme annue. Dal ...;http://www.appenninomodenese.net/ar75/index.cfm?event=scheda10&qpTemaID=11&qpNEWS_ID=130006798;http://www.appennino.provincia.modena.it/ar75/BMP/updPhoto/4madonne.jpg;4 Madonne caseificio dell?Emilia S.c.a. (ex Caseificio sociale San Giovanni soc. agri. coop.);Via Pescarola n.544 Varana - 41028 Serramazzoni MO;;Appennino Modenese;42128;;
SERRAMAZZONI;MODENA;ACETAIA LA NOCE;La famiglia Muzzarelli produce Aceto Balsamico Tradizionale di Modena da cinque generazioni. Dallo spaccio è possibile acquistare varie tipologie e annate di aceto, miele con aceto, saba, confetture e mamellate di locale produzione. L'acetaia La Noce è a soli 25 minuti da Modena e 10 da ...;http://www.appenninomodenese.net/ar75/index.cfm?event=scheda10&qpTemaID=11&qpNEWS_ID=130006793;;;Via Giardini Nord 9764, Montagnana - 41028 Serramazzoni MO;;Appennino Modenese;42128;44.480642;10.83205
SERRAMAZZONI;MODENA;ACETAIA LEONARDI;L'Azienda Agricola Leonardi ha origini nel '700 ma è dalla seconda metà dell'800 che si dedica esclusivamente alla produzione di Aceto Balsamico di alta qualità, utilizzando le proprie materie prime. L'azienda si estende su 10 ettari di terreno coltivato a vigneto, prevalentemente di Trebbiano ...;http://www.appenninomodenese.net/ar75/index.cfm?event=scheda10&qpTemaID=11&qpNEWS_ID=130006792;;;Via S. Rocco, Pazzano - 41028 Serramazzoni MO;;Appennino Modenese;42128;;
SERRAMAZZONI;MODENA;"BONI LUIGI ?Azienda AcetoVinicola""";Questa azienda aceto vinicola nasce da una sfida. Nessuno aveva mai creduto di poter coltivare dei vigneti proprio a Pazzano, nel cuore del basso Frignano, e poter produrre vini che hanno caratteristiche uniche. Questa avventura è iniziata grazie all'intuizione di due imprenditori del nostro ...;http://www.appenninomodenese.net/ar75/index.cfm?event=scheda10&qpTemaID=11&qpNEWS_ID=130006791;;;Via S. Rocco,1195, Pazzano - 41028 Serramazzoni MO;;Appennino Modenese;42128;;
SERRAMAZZONI;MODENA;Caseificio sociale Pelloni soc. agr. coop.;;http://www.appenninomodenese.net/ar75/index.cfm?event=scheda10&qpTemaID=11&qpNEWS_ID=130006796;http://www.appennino.provincia.modena.it/ar75/BMP/updPhoto/pelloni.jpg;Caseificio sociale Pelloni soc. agr. coop.;Via San Dalmazio 1113, San Dalmazio - 41028 Serramazzoni MO;;Appennino Modenese;42128;;
SERRAMAZZONI;MODENA;Caseificio sociale San Lucio Montardone soc. agr. coop.;La cooperativa San Lucio di Montardone è nata verso la fine degli anni sessanta per volontà di circa quaranta soci. Per molti anni, il caseificio sociale è stato il punto di riferimento per gli agricoltori della zona dando continuità e sicurezza al lavoro delle numerose piccole imprese dedite ...;http://www.appenninomodenese.net/ar75/index.cfm?event=scheda10&qpTemaID=11&qpNEWS_ID=130006797;http://www.appennino.provincia.modena.it/ar75/BMP/updPhoto/montardone_.jpg;Caseificio sociale San Lucio Montardone soc. agr. coop.;Via Giardini Nord n.7087, Montardone - 41028 Serramazzoni MO;;Appennino Modenese;42128;;
SERRAMAZZONI;MODENA;Caseificio sociale San Pietro in Rio Torto soc.agr.coop.;;http://www.appenninomodenese.net/ar75/index.cfm?event=scheda10&qpTemaID=11&qpNEWS_ID=130006794;http://www.appennino.provincia.modena.it/ar75/BMP/updPhoto/riotorto.jpg;Caseificio sociale San Pietro in Rio Torto soc.agr.coop.;Via Giardini Sud n. 2451/1 Selva - 41028 Serramazzoni MO;;Appennino Modenese;42128;44.42236;10.78932
SERRAMAZZONI;MODENA;Caseificio sociale Santa Rita bio - Società agricola a.r.l;Il Caseificio Sociale Santa Rita di Pompeano di Serramazzoni nasce nel 1964 dall'unione di un gruppo di aziende agricole situate nelle immediate vicinanze della struttura di lavorazione. Ancora oggi tutte le aziende associate, che fanno proprio della forma cooperativa e della condivisione ...;http://www.appenninomodenese.net/ar75/index.cfm?event=scheda10&qpTemaID=11&qpNEWS_ID=130006795;http://www.appennino.provincia.modena.it/ar75/BMP/updPhoto/santarita.jpg;Caseificio sociale Santa Rita bio - Società agricola a.r.l;Via Pompeano 2290/1, Pompeano - 41028 Serramazzoni MO;;Appennino Modenese;42128;;
SESTOLA;MODENA;Caseifici di Sestola;"Nel territorio del Comune di Sestola sono attivi il caseificio sociale Santa Lucia, in Via per Vesale, e il caseificio sociale Roncoscaglia, nella medesima località. Entrambi offrono prodotti quali ricotta, burro, formaggi, rispettosi della tradizione e della sensibilità ""montanara"", in un ...";http://www.appenninomodenese.net/ar75/index.cfm?event=scheda10&qpTemaID=11&qpNEWS_ID=20005276;http://www.appennino.provincia.modena.it/ar75/BMP/updPhoto/LamaPR-571.jpg;Caseifici di Sestola;Corso Umberto I, 3 - 41029 Sestola MO;;Appennino Modenese;42128;44.23;10.771307
SESTOLA;MODENA;Pasticceria Turchi - Cioccolato e Croccante;Creazione di dolci di cioccolato e croccante abbinati a prodotti inusuali, quale aceto balsamico, castagne, frutti del sottobosco ecc. Siamo specializzati nella creazione di dolci per matrimoni, soprattutto in croccante come la tradizione modenese vuole.;http://www.appenninomodenese.net/ar75/index.cfm?event=scheda10&qpTemaID=11&qpNEWS_ID=-4098;http://www.appennino.provincia.modena.it/ar75/BMP/updPhoto/10575390_839748362723683_5723825302697568012_o1.jpg;Pasticceria Turchi - Cioccolato e Croccante;Corso Umberto I, 36 - 41029 Sestola MO;;Appennino Modenese;42128;44.229019;10.771443
VIGNOLA;MODENA;Acetaia comunale di Vignola;;http://www.visitmodena.it/it/informazioni-turistiche/enogastronomia/luoghi-del-gusto/acetaia-comunale-di-vignola;;;Comune - Via Bellucci, 1 - 41058 - Vignola (MO);;Modena;42153;;
ZOCCA;MODENA;Azienda Agricola Ca' Lumaco;"Allevamento brado di suini ""Mora romagnola"". Prodotti da agricoltura biologica";http://www.appenninomodenese.net/ar75/index.cfm?event=scheda10&qpTemaID=11&qpNEWS_ID=50203;http://www.appennino.provincia.modena.it/ar75/BMP/updPhoto/calumaco.png;Azienda Agricola Ca' Lumaco;Via Mazzoni 740 - 41059 Zocca MO;;Appennino Modenese;42128;44.39378;10.965336
ZOCCA;MODENA;Caseificio Rosola;Produzione e vendita prodotti caseari. Produzione di Parmigiano Reggiano Bianca Modenese;http://www.appenninomodenese.net/ar75/index.cfm?event=scheda10&qpTemaID=11&qpNEWS_ID=110003204;http://www.appennino.provincia.modena.it/ar75/BMP/updPhoto/bianca.jpg;Caseificio Rosola;Via Rosola 1083 - 41059 Zocca MO;;Appennino Modenese;42128;44.334904;10.988531
ZOCCA;MODENA;Cooperativa Agricola Lame;Produzione e vendita prodotti caseari.;http://www.appenninomodenese.net/ar75/index.cfm?event=scheda10&qpTemaID=11&qpNEWS_ID=471;;;Via Berzo 240 - 41059 Zocca MO;;Appennino Modenese;42128;44.333603;11.013061
ZOCCA;MODENA;Prosciuttificio Orlandi;;http://www.appenninomodenese.net/ar75/index.cfm?event=scheda10&qpTemaID=11&qpNEWS_ID=50204;;;Via Rosola 5 - 41059 Zocca MO;;Appennino Modenese;42128;44.334904;10.988531
ZOCCA;MODENA;Salumi e Formaggi Campioni;Produzione e vendita salumi e formaggi.;http://www.appenninomodenese.net/ar75/index.cfm?event=scheda10&qpTemaID=11&qpNEWS_ID=50184;http://www.appennino.provincia.modena.it/ar75/BMP/updPhoto/campioni.jpg;Salumi e Formaggi Campioni;Via Montalbano 6286 - 41059 Zocca MO;;Appennino Modenese;42128;44.359001;10.947398
ZOCCA;MODENA;Salumificio Eredi Corneti;Produzione e vendita salumi;http://www.appenninomodenese.net/ar75/index.cfm?event=scheda10&qpTemaID=11&qpNEWS_ID=110003206;;;Via Porrettana 1738 - 41059 Zocca MO;;Appennino Modenese;42128;44.335201;11.011068
ANZOLA DELL'EMILIA;CITTA' METROPOLITANA DI BOLOGNA;Casearia di Sant'Anna;Parmigiano-Reggiano di produzione biologica e non solo...;http://turismoinpianura.cittametropolitana.bo.it//Engine/RAServePG.php/P/48371RTP0400/L/0;http://turismoinpianura.cittametropolitana.bo.it//Immagini/Enogastronomia/parmigiano_barone.jpeg;Casearia di Sant'Anna;Via Sparate, 1 - 40011 Anzola dell'Emilia (BO);;Pianura Bolognese;42083;;
ANZOLA DELL'EMILIA;CITTA' METROPOLITANA DI BOLOGNA;Caseificio Olmi e Centomo;Vendita di formaggi freschi, stagionati e altri prodotti caseari...;http://turismoinpianura.cittametropolitana.bo.it//Engine/RAServePG.php/P/52171RTP0400/L/0;http://turismoinpianura.cittametropolitana.bo.it//Immagini/Enogastronomia/Anzola_CaseificioOlmiECentomosquare.jpg;Caseificio Olmi e Centomo;Via Emilia, 295 - 40011 Anzola dell'Emilia (BO);;Pianura Bolognese;42083;;
ANZOLA DELL'EMILIA;CITTA' METROPOLITANA DI BOLOGNA;Fabbri 1905;Storica azienda dell'Amarena nel suo inconfondibile vaso di ceramica faentina...;http://turismoinpianura.cittametropolitana.bo.it//Engine/RAServePG.php/P/54691RTP0400/L/0;http://turismoinpianura.cittametropolitana.bo.it//Immagini/Enogastronomia/Anzola_AmarenaFabbri_vaso.jpg;Fabbri 1905;Via Emilia, 82/A - 40011 Anzola Dell'Emilia (BO);;Pianura Bolognese;42083;;
ANZOLA DELL'EMILIA;CITTA' METROPOLITANA DI BOLOGNA;Gelato Museum Carpigiani;La storia internazionale del dolce ghiacciato, un laboratorio artigianale, le degustazioni...;http://turismoinpianura.cittametropolitana.bo.it//Engine/RAServePG.php/P/52491RTP0400/L/0;http://turismoinpianura.cittametropolitana.bo.it//Immagini/Enogastronomia/Anzola_CarpigianiBambiniParigi1962.jpg;Gelato Museum Carpigiani;Via Emilia, 45 - 40011 Anzola Emilia;;Pianura Bolognese;42083;;
ARGELATO;CITTA' METROPOLITANA DI BOLOGNA;Cantina di Argelato;Cooperativa di produttori di vini di qualità, tra cui il Reno DOC Montuni e il Reno DOC Pignoletto...;http://turismoinpianura.cittametropolitana.bo.it//Engine/RAServePG.php/P/41481RTP0400/L/0;http://turismoinpianura.cittametropolitana.bo.it//Immagini/Eventi/logo_cantina_argelato.jpg;Cantina di Argelato;Via Centese, 17 - 40050 Argelato (BO);;Pianura Bolognese;42083;;
BOLOGNA;CITTA' METROPOLITANA DI BOLOGNA;AlceBologna;Il Corso di cucina dell'associazione Alce è pensato per tutti coloro che vogliono migliorare le proprie performance ai fornelli e nel contempo imparare i segreti della cucina di stagione o della cucina regionale o della cucina internazionale. Il tutto sotto la guida di grandi chef che guidano ...;http://www.bolognawelcome.com/attivita/params/CategorieLuoghi_39/Luoghi_443/ref/AlceBologna;http://www.bolognawelcome.com/imageserver/siturxml/files/ArchivioVecchioSito/import/a/alce_logo.jpg;AlceBologna;Via Santo Stefano, 164 - 40125 Bologna (BO);;Bologna;42145;44.48537;11.355347
BOLOGNA;CITTA' METROPOLITANA DI BOLOGNA;A scuola di gusto;Ascom Provincia di Bologna, in collaborazione con Iscom Bologna, Ente di Formazione di Confcommercio Imprese per l'Italia Ascom Provincia di Bologna e l?Associazione Panificatori Bolognesi, inaugurano A Scuola di Gusto. Un?ampia scelta di corsi di approfondimento ed aggiornamento che spaziano...;http://www.bolognawelcome.com/attivita/params/CategorieLuoghi_39/Luoghi_301/ref/A+scuola+di+gusto;http://www.bolognawelcome.com/imageserver/siturxml/files/ArchivioVecchioSito/import/i/iscom.jpg;A scuola di gusto;Via Cesare Gnudi, 5 - 40127 Bologna (BO);;Bologna;42145;44.509098;11.357937
BOLOGNA;CITTA' METROPOLITANA DI BOLOGNA;Associazione Il Mestolo e La Ramina;La scuola organizza corsi di cucina per amanti della buona tavola. I corsi sono tenuti da un docente, coadiuvato da 3 coordinatori. I corsi si svolgono da febbraio a giugno. Il Mestolo e La Ramina è una associazione enogastronomica no-profit, non ha alcun valore professionale e pertanto non ...;http://www.bolognawelcome.com/attivita/params/CategorieLuoghi_39/Luoghi_112/ref/Associazione+Il+Mestolo+e+La+Ramina;http://www.bolognawelcome.com/imageserver/siturxml/files/ArchivioVecchioSito/import/m/mestolo_ramina_logo.jpg;Associazione Il Mestolo e La Ramina;Via Gorki, 6 ? 40128 Bologna (BO);;Bologna;42145;44.545983;11.358313
BOLOGNA;CITTA' METROPOLITANA DI BOLOGNA;Associazione Il Salotto di Penelope ? chiacchiere e cucina;L?Associazione ?Il Salotto di Penelope- chiacchiere e cucina? è una scuola di cucina che si propone di promuovere la cultura della buona tavola, sia  per un pubblico locale, sia per turisti stranieri che vogliono catturare un aspetto della nostra grande tradizione enogastronomica. Le ...;http://www.bolognawelcome.com/attivita/params/CategorieLuoghi_39/Luoghi_383/ref/Associazione+Il+Salotto+di+Penelope+%E2%80%93+chiacchiere+e+cucina+;http://www.bolognawelcome.com/imageserver/siturxml/files/Luoghi/Vari/IlSalottodiPenelope_logo.jpg;Associazione Il Salotto di Penelope ? chiacchiere e cucina;Via San Felice, 116 int G - 40122 Bologna (BO);;Bologna;42145;44.497886;11.330994
BOLOGNA;CITTA' METROPOLITANA DI BOLOGNA;Autentici sfoglini - Gruppo Girasole;L'antica arte della sfoglia, come diventare autentici sfoglini è un corso a cura di Gruppo Girasole che vede la collaborazione con InPasta, Associazione Italiana Ristorazione e Santacandida. Il corso, che trasformerà la passione per la cucina in una vera e propria arte che potrà diventare, ...;http://www.bolognawelcome.com/attivita/params/CategorieLuoghi_39/Luoghi_966/ref/Autentici+sfoglini+-+Gruppo+Girasole;http://www.bolognawelcome.com/imageserver/siturxml/files/Luoghi/corsicucina/girasole03.jpg;Autentici sfoglini - Gruppo Girasole;Via dello Scalo, 3/2 - 40131 Bologna (BO);;Bologna;42145;44.499926;11.32692
BOLOGNA;CITTA' METROPOLITANA DI BOLOGNA;Bologna Gourmet a Casa Ilaria;Incontri pratici dedicati alla tradizione bolognese: dalla sfoglia rigorosamente tirata a mano a tutta la pasta fresca, dal ragù alla cotoletta petroniana. Grande attenzione alla cucina locale e alla conoscenza e diffusione dei prodotti tipici. Corsi mani-in-pasta di mezza giornata per gruppi ...;http://www.bolognawelcome.com/attivita/params/CategorieLuoghi_39/Luoghi_297/ref/Bologna+Gourmet+a+Casa+Ilaria;http://www.bolognawelcome.com/imageserver/siturxml/files/ArchivioVecchioSito/import/l/logo_81.jpg;Bologna Gourmet a Casa Ilaria;Largo Respighi, 8 - 40126 Bologna (BO);;Bologna;42145;44.493811;11.343191
BOLOGNA;CITTA' METROPOLITANA DI BOLOGNA;Carmelita's Cook Italy;Sin dal 1999 Carmelita ha deciso di condividere la propria passione per Bologna e per la sua grande tradizione culinaria tenendo esclusive lezioni e corsi di cucina per piccoli gruppi di persone ( da 1 a 4, o fino a 6 per gruppi di amici o famiglie ). Le lezioni sono in lingua inglese e rivolte ...;http://www.bolognawelcome.com/attivita/params/CategorieLuoghi_39/Luoghi_931/ref/Carmelita%27s+Cook+Italy;http://www.bolognawelcome.com/imageserver/siturxml/files/Luoghi/corsicucina/panna-cotta-fragolione-fiore.jpg;Carmelita's Cook Italy;Via Marsala, 16 - 40126 Bologna (BO);;Bologna;42145;44.4973;11.345821
BOLOGNA;CITTA' METROPOLITANA DI BOLOGNA;Centro Natura;Il corso porta l?attenzione su alcune preparazioni e ingredienti che possono aiutare il modificarsi delle funzioni del nostro organismo e utilizza prodotti naturali. Imparare a cucinare con la soia, il grano, le spezie e molti altri prodotti ormai resi disponibili anche dai supermercati per la ...;http://www.bolognawelcome.com/attivita/params/CategorieLuoghi_39/Luoghi_447/ref/Centro+Natura;http://www.bolognawelcome.com/imageserver/siturxml/files/ArchivioVecchioSito/import/c/centro_natura_grande.jpg;Centro Natura;Via degli Albari, 4a ? 40126 Bologna (BO);;Bologna;42145;44.495901;11.344734
BOLOGNA;CITTA' METROPOLITANA DI BOLOGNA;Chicchibio Corsi di Cucina&Poesia;Uno dei grandi punti di forza italiani è certamente l?amore per il cibo, ma non solo ama il buon cibo, come accade in tutti i luoghi del mondo: l?italiano ama anche prepararlo. E questo e' amore per una cultura. Il corso di cucina  Chicchibio e' un percorso emozionale .   Attraverso ...;http://www.bolognawelcome.com/attivita/params/CategorieLuoghi_39/Luoghi_1072/ref/Chicchibio+Corsi+di+Cucina%26Poesia;http://www.bolognawelcome.com/imageserver/siturxml/files/Luoghi/corsicucina/piatto-leoni.jpg;Chicchibio Corsi di Cucina&Poesia;Bologna (BO);;Bologna;42145;;
BOLOGNA;CITTA' METROPOLITANA DI BOLOGNA;CIBO-Culinary Institute of Bologna;Una scuola di cucina per intenditori di ogni livello dai principianti ai cuochi esperti e chefs, che amano autentici cibi e sapori italiani! CHI SIAMO CIBO- The Culinary Institute of Bologna for Foodies propone lezioni  interattive di cucina. Gestiti da chef professionisti parlanti inglese, CIBO...;http://www.bolognawelcome.com/attivita/params/CategorieLuoghi_39/Luoghi_905/ref/CIBO-Culinary+Institute+of+Bologna;http://www.bolognawelcome.com/imageserver/siturxml/files/Luoghi/corsicucina/cibo/cibo-logo.jpg;CIBO-Culinary Institute of Bologna;Via Augusto Righi, 30/b - 40126 Bologna (BO);;Bologna;42145;44.498687;11.346128
BOLOGNA;CITTA' METROPOLITANA DI BOLOGNA;Corsi di cucina di Rita Mattioli;Rita Mattioli organizza oltre trenta tipi di corsi di cucina di varie tipologie, divisi per livello: primo livello di cucina generale fino al terzo e per specialità culinarie: pesce, corso base di pasticceria, pane, pasta, fino a corsi con Chef. Corsi anche per stranieri in lingua inglese. Per ...;http://www.bolognawelcome.com/attivita/params/CategorieLuoghi_39/Luoghi_464/ref/Corsi+di+cucina+di+Rita+Mattioli;http://www.bolognawelcome.com/imageserver/siturxml/files/ArchivioVecchioSito/import/r/rita_1.jpg;Corsi di cucina di Rita Mattioli;Via San Vitale, 53 - 40125 Bologna (BO);;Bologna;42145;44.494093;11.353106
BOLOGNA;CITTA' METROPOLITANA DI BOLOGNA;Cultura Italiana Bologna Cucina;Bologna Cucina è l?unica Scuola (in regola e riconosciuta dallo Stato)  professionale per imparare a cucinare con le tecniche della vera cucina italiana, non il fai da-te degli autodidatti. Una lezione per individuare il proprio stile in cucina! Si prepara il menu in postazione singola con la...;http://www.bolognawelcome.com/attivita/params/CategorieLuoghi_39/Luoghi_444/ref/Cultura+Italiana+Bologna+Cucina;http://www.bolognawelcome.com/imageserver/siturxml/files/Luoghi/corsicucina/cucinahomepagebowelcome.jpg;Cultura Italiana Bologna Cucina;Via del Pratello, 46 - 40122 Bologna (BO);;Bologna;42145;44.495526;11.332271
BOLOGNA;CITTA' METROPOLITANA DI BOLOGNA;Il Piacere del Gusto;Il Piacere del Gusto è un'attività che si occupa della produzione di pasta fresca fatta a mano. La particolarità del nostro laboratorio annesso è quella di avere tutti i taglieri da lavoro disposti di fronte alle vetrine, consentendo ai passanti e i turisti di poter osservare tutte le fasi ...;http://www.bolognawelcome.com/attivita/params/CategorieLuoghi_39/Luoghi_1128/ref/Il+Piacere+del+Gusto;http://www.bolognawelcome.com/imageserver/siturxml/files/Luoghi/corsicucina/impararebologna1.jpg;Il Piacere del Gusto;Via Milazzo, 5/a - 40124 Bologna (BO);;Bologna;42145;44.503624;11.34103
BOLOGNA;CITTA' METROPOLITANA DI BOLOGNA;Il Salotto del Buongusto;"Il Salotto del Buongusto è un'associazione culturale che si trova nel cuore di Bologna,  nata per promuovere la conoscenza e lo sviluppo delle arti e tradizioni della cultura del Buon-Gusto in tutte le sue forme ed espressioni. Corsi di enogastronomia divisi per ""specialità"" e serate di ...";http://www.bolognawelcome.com/attivita/params/CategorieLuoghi_39/Luoghi_446/ref/Il+Salotto+del+Buongusto;http://www.bolognawelcome.com/imageserver/siturxml/files/ArchivioVecchioSito/import/s/salotto_buongusto_grande.jpg;Il Salotto del Buongusto;Piazza San Francesco, 10 - 40122 Bologna (BO);;Bologna;42145;44.495316;11.335575
BOLOGNA;CITTA' METROPOLITANA DI BOLOGNA;La Vecchia Scuola Bolognese;Fondata da Alessandra Spisni nel 1993, la Vecchia Scuola Bolognese è l'unica scuola al mondo che forma sfoglini. La filosofia della Scuola è la difesa e la proposta della tradizione enogastronomica bolognese, da sempre apprezzata in tutto il mondo convinti che un simile argomento sia capace di ...;http://www.bolognawelcome.com/attivita/params/CategorieLuoghi_39/Luoghi_440/ref/La+Vecchia+Scuola+Bolognese;http://www.bolognawelcome.com/imageserver/siturxml/files/ArchivioVecchioSito/import/v/vecchia_scuola_grande.jpg;La Vecchia Scuola Bolognese;Via Galliera, 11 - 40121 Bologna (BO);;Bologna;42145;44.497537;11.341947
BOLOGNA;CITTA' METROPOLITANA DI BOLOGNA;Le Cesarine;Le Cesarine organizzano corsi di cucina rivolti a gruppi che vanno da un minimo di 2 persone ad un massimo di 20. Viene insegnata l'esecuzione di ricette tradizionali: i partecipanti eseguono materialmente le ricette e alla fine gustano quanto da loro preparato. Al termine di ogni corso viene ...;http://www.bolognawelcome.com/attivita/params/CategorieLuoghi_39/Luoghi_448/ref/Le+Cesarine;http://www.bolognawelcome.com/imageserver/siturxml/files/Luoghi/corsicucina/lecesarine/image00003.jpg;Le Cesarine;Via Broccaindosso, 41 - 40125 Bologna (BO);;Bologna;42145;44.492663;11.355185
BOLOGNA;CITTA' METROPOLITANA DI BOLOGNA;Maison Madeleine;Maison Madeleine è lo shop dedicato al mondo della cucina e specializzato in dolci. Realizzano corsi di cucina e offrono tutto il materiale indispensabile per dolci preparazioni di delicatesses francesi e inglesi. Per chi vuole imparare divertendosi. Corsi anche in lingua inglese. Corso di sugar...;http://www.bolognawelcome.com/attivita/params/CategorieLuoghi_39/Luoghi_441/ref/Maison+Madeleine;http://www.bolognawelcome.com/imageserver/siturxml/files/ArchivioVecchioSito/import/m/madelaine_logo_1_1.jpg;Maison Madeleine;Via San Felice, 79/a - 40122 Bologna (BO);;Bologna;42145;44.497641;11.332129
BOLOGNA;CITTA' METROPOLITANA DI BOLOGNA;Nonna Carla;Produzione di Pasta fresca e biscotteria. Nel loro laboratorio, che si trova nella sede del negozio, si tengono anche corsi per imparare a fare la pasta fresca bolognese.   I corsi sono settimanali e vengono fatti da sfoglini con esperienza ventennale.;http://www.bolognawelcome.com/attivita/params/CategorieLuoghi_39/Luoghi_497/ref/Nonna+Carla;http://www.bolognawelcome.com/imageserver/siturxml/files/ArchivioVecchioSito/import/l/la_sfoglia_index.jpg;Nonna Carla;Piazza Giovanni XXIII, 20 - 40133 Bologna (BO);;Bologna;42145;44.495558;11.285047
BOLOGNA;CITTA' METROPOLITANA DI BOLOGNA;Oasi Formazione - Cucini-amo!;Imparare a cucinare sviluppando e ascoltando la propria armonia prevalentemente attraverso i nostri sensi. Sia per la salute, sia per il gusto, sia per la bellezza, non è tanto importante il saper fare quanto il saper essere, ovvero l?intenzione con la quale si è presenti al momento della ...;http://www.bolognawelcome.com/attivita/params/CategorieLuoghi_39/Luoghi_926/ref/Oasi+Formazione+-+Cucini-amo%21;http://www.bolognawelcome.com/imageserver/siturxml/files/Luoghi/corsicucina/oasi01.jpg;Oasi Formazione - Cucini-amo!;Via Masetti, 5 - 40127 Bologna (BO);;Bologna;42145;44.50556;11.370942
BOLOGNA;CITTA' METROPOLITANA DI BOLOGNA;Otto in cucina - Associazione enogastronomica;"Corsi di cucina ""casalinghi"" e degustazioni Corsi di sfoglia, panificazione con pasta madre, cucina naturale, dolci e menù completi. I corsi si svolgono con un numero limitato di partecipanti per consentire ai docenti di seguire con particolare cura ogni aspetto del lavoro svolto, il tutto in un...";http://www.bolognawelcome.com/attivita/params/CategorieLuoghi_39/Luoghi_907/ref/Otto+in+cucina+-+Associazione+enogastronomica;http://www.bolognawelcome.com/imageserver/siturxml/files/Luoghi/corsicucina/ottoincucina/ottoincucinalogo.jpg;Otto in cucina - Associazione enogastronomica;Via del Genio, 8 - 40136 Bologna (BO);;Bologna;42145;;
BOLOGNA;CITTA' METROPOLITANA DI BOLOGNA;Sapore di Casa - Cucine dal Mondo a Bologna;Cucina e cultura del cibo, lezioni a quattro mani: la chef e antropologa Giuseppina Siotto incontrerà tra i fornelli cuoche e cuochi non professionisti, provenienti da diverse parti del mondo. Sapore Di Casa è un progetto di ricerca avviato nel 2011 con l'intento di studiare e condividere la ...;http://www.bolognawelcome.com/attivita/params/CategorieLuoghi_39/Luoghi_11/ref/Sapore+di+Casa+-+Cucine+dal+Mondo+a+Bologna;http://www.bolognawelcome.com/imageserver/siturxml/files/ArchivioVecchioSito/import/m/mini_sapore.jpg;Sapore di Casa - Cucine dal Mondo a Bologna;Via F. Barbieri, 52 - 40129 Bologna (BO);;Bologna;42145;44.490067;11.346694
BUDRIO;CITTA' METROPOLITANA DI BOLOGNA;Museo della patata, prodotto tipico bolognese;Un museo sulla coltivazione del prezioso tubero...;http://turismoinpianura.cittametropolitana.bo.it//Engine/RAServePG.php/P/53651RTP0400/L/0;http://turismoinpianura.cittametropolitana.bo.it//Immagini/Enogastronomia/Budrio_Patata_fotoPaoloBarone.jpg;Museo della patata, prodotto tipico bolognese;Via Zenzalino Nord, 100 - 40054 Budrio (BO);;Pianura Bolognese;42083;;
CASALECCHIO DI RENO;CITTA' METROPOLITANA DI BOLOGNA;Azienda Agricola Tizzano;Una vasta tenuta immersa nella zona di produzione dei vini DOC dei Colli Bolognesi...;http://turismoinpianura.cittametropolitana.bo.it//Engine/RAServePG.php/P/42691RTP0400/L/0;http://turismoinpianura.cittametropolitana.bo.it//Immagini/Enogastronomia/azienda_agricola_tizzano_-sq.jpg;Azienda Agricola Tizzano;Via Marescalchi, 13 - 40033 Casalecchio di Reno (BO);;Pianura Bolognese;42083;;
CASALECCHIO DI RENO;CITTA' METROPOLITANA DI BOLOGNA;Birrificio Ronzani;Rivive lo storico marchio nato a Casalecchio di Reno nel 1855...;http://turismoinpianura.cittametropolitana.bo.it//Engine/RAServePG.php/P/54611RTP0400/L/0;http://turismoinpianura.cittametropolitana.bo.it//Immagini/Enogastronomia/birra_ronzani_square.jpg;Birrificio Ronzani;Via Ronzani, 7/18 - 40033 Casalecchio di Reno (BO);;Pianura Bolognese;42083;;
CASALFIUMANESE;CITTA' METROPOLITANA DI BOLOGNA;Azienda Agricola Biologica Bordona;Formaggi, mozzarella, casatella, tomino primo sale, ricotta e yogurt sono i prodotti che l?azienda agricola biologica Bordona produce dal 2003, avendo però alle spalle una lunga tradizione casearia.;http://turismoimolese.cittametropolitana.bo.it//Engine/RAServePG.php/P/56471RTI0500/L/0;;;Via bordona, 14 - 40020 Casalfiumanese;;Area Imolese;42086;;
CASALFIUMANESE;CITTA' METROPOLITANA DI BOLOGNA;Azienda Agricola Il Regno del Marrone;Azienda agricola interamente biologica.;http://turismoimolese.cittametropolitana.bo.it//Engine/RAServePG.php/P/56531RTI0500/L/0;;;via Pineta, 16 - 40022 Castel del Rio (BO);;Area Imolese;42086;;
CASTEL SAN PIETRO TERME;CITTA' METROPOLITANA DI BOLOGNA;Azienda Agricola Umberto Cesari;Umberto Cesari, produce diverse qualità di vini pregiati: Albana di Romagna DOCG, Sangiovese di Romagna Riserva DOC, Trebbiano DOC ma anche diversi tipi di Chardonnay e Pignoletto. Produce anche aceto balsamico, olio extravergine di oliva, passito e grappa.;http://turismoimolese.cittametropolitana.bo.it//Engine/RAServePG.php/P/56481RTI0500/L/0;;;Via Stanzano, 1120 - 40024 Castel San Pietro Terme (BO);;Area Imolese;42086;;
CASTEL SAN PIETRO TERME;CITTA' METROPOLITANA DI BOLOGNA;Tenuta Montecatone - Umberto Cesari;Alle origini della Umberto Cesari c?è una sfida e un sogno: produrre Sangiovese di qualità.Questo è il nostro obiettivo, la nostra missione dal 1967.;http://turismoimolese.cittametropolitana.bo.it//Engine/RAServePG.php/P/56731RTI0500/L/0;;;Via Stanzano, 1120 - 40024 Castel San Pietro Terme (BO);;Area Imolese;42086;;
CASTENASO;CITTA' METROPOLITANA DI BOLOGNA;Pasticceria Dino dal 1963;Una storica azienda del mondo della pasticceria...;http://turismoinpianura.cittametropolitana.bo.it//Engine/RAServePG.php/P/53701RTP0400/L/0;http://turismoinpianura.cittametropolitana.bo.it//Immagini/Enogastronomia/Castenaso_PasticceriaDino_TortaFrutta.jpg;Pasticceria Dino dal 1963;Via Nasica, 85 - 40055 Castenaso (BO);;Pianura Bolognese;42083;;
CREVALCORE;CITTA' METROPOLITANA DI BOLOGNA;Birrificio Vecchia Orsa;Un microbirrificio artigianale che unisce il gusto alla solidarietà...;http://turismoinpianura.cittametropolitana.bo.it//Engine/RAServePG.php/P/54781RTP0400/L/0;http://turismoinpianura.cittametropolitana.bo.it//Immagini/Eventi/Birrificio_Vecchia_Orsa_Logo.jpg;Birrificio Vecchia Orsa;Via Cristoforo Colombo, 5 - 40017 San Giovanni in Persiceto (BO);;Pianura Bolognese;42083;;
DOZZA;CITTA' METROPOLITANA DI BOLOGNA;"Azienda Agricola Assirelli ""Cantina da Vittorio""";"L'azienda esiste da ben 30 anni e possiede oltre 16 ettari di vigneto coltivati con il metodo di ""lotta integrata"".";http://turismoimolese.cittametropolitana.bo.it//Engine/RAServePG.php/P/56491RTI0500/L/0;;;Via Monte del Re, 31/P - 40050 Dozza (BO);;Area Imolese;42086;;
DOZZA;CITTA' METROPOLITANA DI BOLOGNA;Azienda Agricola Gandolfi;L'azienda vanta un?ubicazione storicamente vocata ad un?eccellente produzione di vini.Unitamente alla fortunata posizione e al rispetto delle tradizioni, l?azienda utilizza le migliori tecniche agronomiche ed enologiche con sistema di vendita diretto dal produttore al consumatore.;http://turismoimolese.cittametropolitana.bo.it//Engine/RAServePG.php/P/56521RTI0500/L/0;;;Via Loreta Berlina, 1/2 - 40050 Dozza (BO);;Area Imolese;42086;;
DOZZA;CITTA' METROPOLITANA DI BOLOGNA;Azienda Agricola Poderi delle Rocche;Tre cantine condotte da tre coltivatori diretti, in tre diverse zone: Linaro, Montecatone e Dozza.;http://turismoimolese.cittametropolitana.bo.it//Engine/RAServePG.php/P/56551RTI0500/L/0;;;Via Valsellustra, 69 - 40060 Dozza (BO);;Area Imolese;42086;;
DOZZA;CITTA' METROPOLITANA DI BOLOGNA;Macelleria Alimentari la Rocca;"Situato nel centro del borgo medievale di Dozza, ""La Rocca"" è un negozio di macelleria e vendita di carni fresche, salumi, vini, formaggi e vasto assortimento di prodotti naturali e biologici.";http://turismoimolese.cittametropolitana.bo.it//Engine/RAServePG.php/P/56701RTI0500/L/0;;;Via XX Settembre, 10 - 40050 Dozza (BO);;Area Imolese;42086;;
FONTANELICE;CITTA' METROPOLITANA DI BOLOGNA;Azienda Agrituristica Ca'Monti;Ca' Monti era già abitata nel '700 e nel 1800 divenne un'osteria.La famiglia Monti non fa che proseguire questa tradizione.;http://turismoimolese.cittametropolitana.bo.it//Engine/RAServePG.php/P/56591RTI0500/L/0;;;Via Montemorosino, 4 loc. Sassoleone - 40025 Fontanelice (Bo);;Area Imolese;42086;;
FONTANELICE;CITTA' METROPOLITANA DI BOLOGNA;Villa Spadoni - Fattoria Cornacchia;La Fattoria Cornacchia nasce nel 1994 a Villa Spadoni per volontà di Giacomo Spadoni e con l'assistenza di un enologo di grande talento professionale, Guido Garelli.;http://turismoimolese.cittametropolitana.bo.it//Engine/RAServePG.php/P/56751RTI0500/L/0;;;Via Gesso, 9 - 40025 Fontanelice (BO);;Area Imolese;42086;;
GRANAROLO DELL'EMILIA;CITTA' METROPOLITANA DI BOLOGNA;Giardino di erbe aromatiche Caber;"Un percorso odoroso nel giardino dell'azienda della ""salamoia bolognese""...";http://turismoinpianura.cittametropolitana.bo.it//Engine/RAServePG.php/P/54081RTP0400/L/0;http://turismoinpianura.cittametropolitana.bo.it//Immagini/Enogastronomia/giardino_erbe_aroamtiche_caber.jpg;Giardino di erbe aromatiche Caber;Via Cadriano, 3 - 40057 Granarolo dell'Emilia (BO);;Pianura Bolognese;42083;;
GRANAROLO DELL'EMILIA;CITTA' METROPOLITANA DI BOLOGNA;Pasticceria Gino Fabbri;"La storica ""Caramella"" vicino allo stabilimento della Granarolo...";http://turismoinpianura.cittametropolitana.bo.it//Engine/RAServePG.php/P/53711RTP0400/L/0;http://turismoinpianura.cittametropolitana.bo.it//Immagini/Enogastronomia/torta_Pasticceria_gino_fabbri1.jpg;Pasticceria Gino Fabbri;Via Cadriano, 27/2 - 40057 Granarolo dell'Emilia (BO);;Pianura Bolognese;42083;;
IMOLA;CITTA' METROPOLITANA DI BOLOGNA;Azienda Agricola Cà Bruciata;L'azienda sorge sulle prima colline a ridosso di Imola e dell'Autodromo Enzo e Dino Ferrari, in una zona particolarmente adatta alla coltivazione della vite.;http://turismoimolese.cittametropolitana.bo.it//Engine/RAServePG.php/P/56511RTI0500/L/0;;;Via Ghiandolino, 21 - Imola - 40026 Imola (BO);;Area Imolese;42086;;
IMOLA;CITTA' METROPOLITANA DI BOLOGNA;Azienda Agricola Merlotta;Azienda Agricola Merlotta è un'azienda agricola a conduzione familiare, fondata nel 1962 sulle colline di Imola. Nel corso degli anni, l'azienda si è costantemente sviluppata e qualificata.;http://turismoimolese.cittametropolitana.bo.it//Engine/RAServePG.php/P/56501RTI0500/L/0;;;Via Merlotta, 1 - 40026 Imola (BO);;Area Imolese;42086;;
IMOLA;CITTA' METROPOLITANA DI BOLOGNA;Azienda Agricola Monducci;L'Azienda Agricola di famiglia produce vini e prodotti tipici che racchiudono profumi e sapori della zona e che possono essere degustati visitando il nostro ristorante.;http://turismoimolese.cittametropolitana.bo.it//Engine/RAServePG.php/P/56541RTI0500/L/0;;;Via Sabbioni, 13 - 40026 Imola (BO);;Area Imolese;42086;;
IMOLA;CITTA' METROPOLITANA DI BOLOGNA;Azienda Agricola Tremonti;L?azienda è costituita da due poderi, uno situato sulle colline imolesi, l?altro su quelle forlivesi, entrambi in zone ad alta vocazione vinicola.;http://turismoimolese.cittametropolitana.bo.it//Engine/RAServePG.php/P/56561RTI0500/L/0;;;Via Lola 3, loc. Bergullo - 40026 Imola (BO);;Area Imolese;42086;;
IMOLA;CITTA' METROPOLITANA DI BOLOGNA;Azienda Agricola Tre Monti Sant'Anna;Negli anni '60 Enrico Scheda acquista l'Azienda Tre Monti Sant'Anna: 30 ettari coltivati a seminativo, alberi da frutto e vigneto.;http://turismoimolese.cittametropolitana.bo.it//Engine/RAServePG.php/P/56571RTI0500/L/0;;;Via Bergullo, 51 - 40026 Imola (Bo);;Area Imolese;42086;;
IMOLA;CITTA' METROPOLITANA DI BOLOGNA;Azienda Agricola Zuffa;La fattoria produce vino da uve coltivate sui colli imolesi attraverso il metodo biologico, nella cantina è possibile degustare e acquistare vini dal sapore di natura.;http://turismoimolese.cittametropolitana.bo.it//Engine/RAServePG.php/P/56581RTI0500/L/0;;;Via Sellustra 9, 40026 - Imola (BO);;Area Imolese;42086;;
IMOLA;CITTA' METROPOLITANA DI BOLOGNA;Azienda Agrituristica Frascineti;"Ubicata sulle colline imolesi, l'Azienda gode di un ampio panorama sulla Pianura Padana e sull'Appennino Tosco-Emiliano. Si trova sulla sommità del Monte Frassineto (m. 252), il punto più alto del circuito mondiale dei ""Tre Monti"".";http://turismoimolese.cittametropolitana.bo.it//Engine/RAServePG.php/P/56601RTI0500/L/0;;;Via Chiesa di Pediano 2/e - 40026 Imola (BO);;Area Imolese;42086;;
IMOLA;CITTA' METROPOLITANA DI BOLOGNA;Azienda Vitivinicola La Macolina;L'azienda produce vini bianchi, vini rossi, vino passito.;http://turismoimolese.cittametropolitana.bo.it//Engine/RAServePG.php/P/56611RTI0500/L/0;;;Via Pieve S.Andrea, 2 - 40026 Imola (BO);;Area Imolese;42086;;
IMOLA;CITTA' METROPOLITANA DI BOLOGNA;Caseificio del Santerno;Il Caseificio del Santerno situato ai piedi delle prime colline Imolesi, si erge come simbolo della tradizione artigianale e produce in linea con le moderne tecnologie prodotti artigianali dal gusto e dal sapore inimitabili.;http://turismoimolese.cittametropolitana.bo.it//Engine/RAServePG.php/P/56631RTI0500/L/0;;;Via Paroli, 4 loc. Linaro - 40026 Imola (Bo);;Area Imolese;42086;;
IMOLA;CITTA' METROPOLITANA DI BOLOGNA;Chiosco Master;Il primo chiosco nato a Imola nel 1954, affacciato nella rotonda del viale Dante, uno dei più famosi della città, che partendo dal centro storico sotto secolari ippocastani arriva direttamente all?ingresso principale dell?autodromo ?Enzo e Dino Ferrari?.;http://turismoimolese.cittametropolitana.bo.it//Engine/RAServePG.php/P/56641RTI0500/L/0;;;P.le Leonardo da Vinci - 40026 Imola (BO);;Area Imolese;42086;;
IMOLA;CITTA' METROPOLITANA DI BOLOGNA;C.L.A.I. Cooperativa Lavoratori Agricoli Imolesi;Fondata nel 1962, CLAI (Cooperativa Lavoratori Agricoli Imolesi) è una Cooperativa agricola a produzioni integrate, che si pone sul mercato come punto di riferimento nella produzione di carni fresche suine e bovine e azienda specialista nel segmento salami.;http://turismoimolese.cittametropolitana.bo.it//Engine/RAServePG.php/P/56621RTI0500/L/0;;;Via Gambellara, 62/a loc. Sasso Morelli - 40026 Imola (BO);;Area Imolese;42086;;
IMOLA;CITTA' METROPOLITANA DI BOLOGNA;Fattoria del Monticino Rosso;Situata sul confine tra Imola e Dozza, l?azienda è composta da due antichi poderi: ?l?Olmo? (13 ettari) e il ?Monticino Rosso? (ettari 24), coltivati a vigneto e frutteto.;http://turismoimolese.cittametropolitana.bo.it//Engine/RAServePG.php/P/56651RTI0500/L/0;;;Via Montecatone, 7 - 40026 Imola (BO) (podere Olmo) Via Montecatone, 10 (cantina);;Area Imolese;42086;;
IMOLA;CITTA' METROPOLITANA DI BOLOGNA;Fondo Cà Vecja;Il Fondo Cà Vecja nasce nel 1971, ma in reatlà esiste come azienda agricola già dagli anni '20 quando si coltivavano albicocchi, peschi e susini.;http://turismoimolese.cittametropolitana.bo.it//Engine/RAServePG.php/P/56661RTI0500/L/0;;;via Montanara, 333 loc. Ponticelli - 40026 Imola (BO);;Area Imolese;42086;;
IMOLA;CITTA' METROPOLITANA DI BOLOGNA;Forno Pasticceria Savelli;La Panetteria Biscotteria Savelli, da alcuni anni a questa parte è rinomata anche per la capacità di proporsi come raffinata pasticceria con torte alla frutta, alla crema chantilly, al mascarpone e sacher.;http://turismoimolese.cittametropolitana.bo.it//Engine/RAServePG.php/P/56671RTI0500/L/0;;;via Baroncini, 27 - 40026 Imola (BO);;Area Imolese;42086;;
IMOLA;CITTA' METROPOLITANA DI BOLOGNA;Frantoio Imolese;"Il Frantoio Imolese, nato ufficialmente a Imola nel 2004 da un ""vecchio pallino"" della famiglia Rossi da anni impegnata nella divulgazione dell'olivicoltura nel territorio grazie all'iniziativa di Guglielmo, si attesta all'interno dell'omonima azienda agricola.";http://turismoimolese.cittametropolitana.bo.it//Engine/RAServePG.php/P/56681RTI0500/L/0;;;Via Di Nola, 1L - 40026 Imola (BO);;Area Imolese;42086;;
IMOLA;CITTA' METROPOLITANA DI BOLOGNA;Luca Martelli Ortoflorovivaista;Scalogno I.G.P., piantine da ortaggio e floricole.;http://turismoimolese.cittametropolitana.bo.it//Engine/RAServePG.php/P/56691RTI0500/L/0;;;Via Ladello, 64 - 40026 Imola (BO);;Area Imolese;42086;;
IMOLA;CITTA' METROPOLITANA DI BOLOGNA;Tenuta Cà Lunga;L'azienda nata nel 1961 è giunta nella sua gestione alla terza generazione.;http://turismoimolese.cittametropolitana.bo.it//Engine/RAServePG.php/P/56711RTI0500/L/0;;;via Calunga Buore, 5 - 40026 Imola (BO);;Area Imolese;42086;;
IMOLA;CITTA' METROPOLITANA DI BOLOGNA;Tenuta di Montericco Pasolini dall'Onda;Il noto Arcivescovo Antonio Codronchi (1751 ? 1818), uomo di Chiesa ma anche politico, amico di Napoleone, viveva a Montericco e vi riceveva importanti personaggi politici. Sua sorella sposò il Conte Pasolini dall?Onda di Ravenna ed ereditò Montericco.;http://turismoimolese.cittametropolitana.bo.it//Engine/RAServePG.php/P/56721RTI0500/L/0;;;Via Monterico, 9 - 40026 Imola (BO);;Area Imolese;42086;;
IMOLA;CITTA' METROPOLITANA DI BOLOGNA;Tenuta Poggio Pollino;La Tenuta Poggio Pollino si colloca sulle prime colline di Imola, da dove si gode di una splendida vista sulla sottostante vallata del fiume Santerno.In estate le pressochè costanti brezze che accarezzano questi pendii rinfrescano le serate consentendo gradevoli pause dalla calura.;http://turismoimolese.cittametropolitana.bo.it//Engine/RAServePG.php/P/56741RTI0500/L/0;;;Via Monte Meldola, 2/t - 40026 - Imola (Bo);;Area Imolese;42086;;
MALALBERGO;CITTA' METROPOLITANA DI BOLOGNA;Apicoltura Cazzola;Un'ampia produzione di miele vergine integrale, tra cui il miele di erba medica...;http://turismoinpianura.cittametropolitana.bo.it//Engine/RAServePG.php/P/50621RTP0400/L/0;http://turismoinpianura.cittametropolitana.bo.it//Immagini/Enogastronomia/mieli_apicolturacazzolasq.jpg;Apicoltura Cazzola;Via Canaletto, 15 - 40051 Malalbergo  (BO);;Pianura Bolognese;42083;;
MINERBIO;CITTA' METROPOLITANA DI BOLOGNA;Funghi Valentina;Una produzione di qualità che ha ottenuto il marchio regionale Qualità Controllata...;http://turismoinpianura.cittametropolitana.bo.it//Engine/RAServePG.php/P/54791RTP0400/L/0;http://turismoinpianura.cittametropolitana.bo.it//Immagini/Enogastronomia/Minerbio_FunghiValentina.jpg;Funghi Valentina;Via Cantalupo, 10 - 40061 Minerbio (BO);;Pianura Bolognese;42083;;
MOLINELLA;CITTA' METROPOLITANA DI BOLOGNA;Borgo del Riso;Antica risaia rimessa in funzione con museo dedicato al cereale padano...;http://turismoinpianura.cittametropolitana.bo.it//Engine/RAServePG.php/P/45501RTP0400/L/0;http://turismoinpianura.cittametropolitana.bo.it//Immagini/Enogastronomia/Molinella_Borgo-del-riso.jpg;Borgo del Riso;Via Rondanina, 12 - 40062 Molinella (BO);;Pianura Bolognese;42083;;
SAN GIOVANNI IN PERSICETO;CITTA' METROPOLITANA DI BOLOGNA;Caseificio Sant'Angelo;Parmigiano-Reggiano e altri prodotti tipici...;http://turismoinpianura.cittametropolitana.bo.it//Engine/RAServePG.php/P/48381RTP0400/L/0;http://turismoinpianura.cittametropolitana.bo.it//Immagini/Enogastronomia/Forme_consorzio.jpg;Caseificio Sant'Angelo;Via Zenerigolo, 4 - 40017 San Giovanni in Persiceto (BO);;Pianura Bolognese;42083;;
ZOLA PREDOSA;CITTA' METROPOLITANA DI BOLOGNA;Alcisa;Un famoso produttore di mortadella di qualità, nata in un retrobottega nel 1946...;http://turismoinpianura.cittametropolitana.bo.it//Engine/RAServePG.php/P/42211RTP0400/L/0;http://turismoinpianura.cittametropolitana.bo.it//Immagini/Enogastronomia/Alcisa_mortadella.jpg;Alcisa;Via Roma, 73 - 40069 Zola Predosa (BO);;Pianura Bolognese;42083;;
ZOLA PREDOSA;CITTA' METROPOLITANA DI BOLOGNA;Felsineo La Mortadella;Dal piccolo salumificio del 1947 all'azienda odierna, la passione per la qualità continua...;http://turismoinpianura.cittametropolitana.bo.it//Engine/RAServePG.php/P/42201RTP0400/L/0;http://turismoinpianura.cittametropolitana.bo.it//Immagini/Enogastronomia/Mortadella_Felsineo.jpg;Felsineo La Mortadella;Via Corrado Masetti, 8-10 - 40069 Zola Predosa (BO);;Pianura Bolognese;42083;;
ZOLA PREDOSA;CITTA' METROPOLITANA DI BOLOGNA;Gaggioli Vini;"Azienda agricola con vendita di Vini DOC dei Colli Bolognesi; annesso l'agriturismo e un ristorante...";http://turismoinpianura.cittametropolitana.bo.it//Engine/RAServePG.php/P/42651RTP0400/L/0;http://turismoinpianura.cittametropolitana.bo.it//Immagini/Enogastronomia/Azienda_Agricola_Gaggioli.jpg;Gaggioli Vini;Via Raibolini, 55 - 40069 Zola Predosa (BO);;Pianura Bolognese;42083;;
ZOLA PREDOSA;CITTA' METROPOLITANA DI BOLOGNA;Lodi Corazza dal 1877;Azienda vitivinicola nata nel 1877 produttrice dei Vini DOC dei Colli Bolognesi...;http://turismoinpianura.cittametropolitana.bo.it//Engine/RAServePG.php/P/42641RTP0400/L/0;http://turismoinpianura.cittametropolitana.bo.it//Immagini/Enogastronomia/lodi_corazza_vigne.jpg;Lodi Corazza dal 1877;Via Risorgimento, 223 - 40069 Zola Predosa (BO);;Pianura Bolognese;42083;;
ZOLA PREDOSA;CITTA' METROPOLITANA DI BOLOGNA;Manaresi agricoltura e vini;Vendita di vini DOC dei Colli Bolognesi e mostre d'arte al podere Bella Vista...;http://turismoinpianura.cittametropolitana.bo.it//Engine/RAServePG.php/P/42671RTP0400/L/0;http://turismoinpianura.cittametropolitana.bo.it//Immagini/Eventi/manaresi_vini.jpg;Manaresi agricoltura e vini;Via Bertoloni, 14/16 - 40069 Zola Predosa (BO);;Pianura Bolognese;42083;;
ZOLA PREDOSA;CITTA' METROPOLITANA DI BOLOGNA;Maria Bortolotti Viticoltori;Vini dei Colli Bolognesi di produzione biologica...;http://turismoinpianura.cittametropolitana.bo.it//Engine/RAServePG.php/P/41881RTP0400/L/0;http://turismoinpianura.cittametropolitana.bo.it//Immagini/Enogastronomia/Azienda_Vitivinicola_Maria_Bortolotti.jpg;Maria Bortolotti Viticoltori;Via San Martino, 1 - 40069 Zola Predosa (BO);;Pianura Bolognese;42083;;
ZOLA PREDOSA;CITTA' METROPOLITANA DI BOLOGNA;Monticino;Acquisto e degustazione di vini dei Colli bolognesi, visita della cantina e del vigneto...;http://turismoinpianura.cittametropolitana.bo.it//Engine/RAServePG.php/P/42681RTP0400/L/0;http://turismoinpianura.cittametropolitana.bo.it//Immagini/Eventi/monticino_zola.jpg;Monticino;Via Predosa, 72 - 40069 Zola Predosa (BO);;Pianura Bolognese;42083;;
ZOLA PREDOSA;CITTA' METROPOLITANA DI BOLOGNA;Santa Caterina Vini;Azienda agricola immersa nella zona di produzione dei vini DOC dei Colli Bolognesi...;http://turismoinpianura.cittametropolitana.bo.it//Engine/RAServePG.php/P/42661RTP0400/L/0;http://turismoinpianura.cittametropolitana.bo.it//Immagini/Enogastronomia/santacaterianvini_calice2.jpg;Santa Caterina Vini;Via Risorgimento, 209 - 40069 Zola Predosa (BO);;Pianura Bolognese;42083;;
ZOLA PREDOSA;CITTA' METROPOLITANA DI BOLOGNA;Vigneto delle Terre Rosse;Sulle pendici collinari di Zola Predosa, l'azienda vitivinicola di Enrico Vallania...;http://turismoinpianura.cittametropolitana.bo.it//Engine/RAServePG.php/P/42631RTP0400/L/0;http://turismoinpianura.cittametropolitana.bo.it//Immagini/Enogastronomia/Vigneto_terre_rosse.jpg;Vigneto delle Terre Rosse;Via Predosa, 83 - 40069 Zola Predosa (BO);;Pianura Bolognese;42083;;
BAGNACAVALLO;RAVENNA;LA CASARECCIA;Negozio di vendita formaggi, salumi, vini del territorio e specialità alimentari varie....;http://www.romagnadeste.it/it/i5010656-la-casareccia.htm;;;Via Mazzini, 116 - 48012 Bagnacavallo (RA);;Romagna D'Este;42124;;
BRISIGHELLA;RAVENNA;Terra di Brisighella s.c. Agricola (CAB);Negozio di vendita formaggi, salumi, vini del territorio e specialità alimentari varie.;http://www.terredifaenza.it/reg_enogastronomia/en_luoghi_gusto/pagina1-081.html;http://www.terredifaenza.it/binary/terre_faenza_2011/ev_sagre/TrofeoBuonSalame.1301412845.jpg;Terra di Brisighella s.c. Agricola (CAB);Via Strada, 2 - 48013 Brisighella (RA);;Terre di Faenza;42118;;
RAVENNA;RAVENNA;Azienda Agricola Cantina Sbarzaglia;L?Azienda Agricola Sbaraglia si trova a Villanova di Ravenna, nella piena campagna ravennate;http://www.turismo.ra.it/ita/Enogastronomia/Luoghi-del-gusto/Azienda-Agricola-Cantina-Sbarzaglia;;;Via San Giuseppe, 8 - Ravenna (RA);Villanova di Ravenna;Ravenna;42144;44.437746;12.084386
RAVENNA;RAVENNA;Cantina Rapatà;La Cantina Rapatà è un?azienda vinicola a conduzione familiare attiva nella campagna ravennate;http://www.turismo.ra.it/ita/Enogastronomia/Luoghi-del-gusto/Cantina-Rapat%C3%A0;;;Via del Sale, 3 - Ravenna (RA);San Pietro in Vincoli;Ravenna;42144;44.295461;12.151384
RIOLO TERME;RAVENNA;Il Paniere;Negozio di vendita formaggi, salumi, vini del territorio e specialità alimentari varie.;http://www.terredifaenza.it/reg_enogastronomia/en_luoghi_gusto/pagina2-081.html;;;Via Bologna, 102 - 48025 Riolo Terme (RA);;Terre di Faenza;42118;;
BAGNO DI ROMAGNA;FORLI';Apicultura Facciani;L'azienda agricola Facciani produce miele dal  1948 e lo lavora senza artifici. Conta circa 1500 arnie sparse in Emilia Romagna, Toscana e Marche, spostate ogni volta nelle zone di fioritura. 	Prodotti: alveari, miele biologico, miele di acacia,  di tiglio, millefiori, di arancio,...;http://www.bagnodiromagnaturismo.it/it_IT/apicoltura-facciani;http://www.bagnodiromagnaturismo.it/image/image_gallery?uuid=79ead862-77ff-4cc4-82fc-8102cb2a143a&groupId=405418&t=1390467576267;Apicultura Facciani;Via Crocesanta - Podere Sega - Casa Alveare 35/C - 47021 Bagno di Romagna (FC);San Piero in Bagno;Bagno di Romagna;42122;;
BAGNO DI ROMAGNA;FORLI';Apicultura Primitivo;"L' Apicoltura Primitivo è una piccola azienda  artigianale di Bagno di Romagna (FC), nata nel 1983, che produce  vari tipi di miele, propoli, pappa reale, integratori alimentari e altri prodotti apistici; ma anche cioccolato artigianale, caramelle al miele e erbe officinali,...";http://www.bagnodiromagnaturismo.it/it_IT/apicoltura-primitivo;http://www.bagnodiromagnaturismo.it/image/image_gallery?uuid=89e3464e-3ee8-4008-a4de-91a8ac219099&groupId=405418&t=1375448306235;Apicultura Primitivo;Ca' Molino Mazzoli 72 - 47021 Bagno di Romagna (FC);;Bagno di Romagna;42122;;
PREDAPPIO;FORLI';Agriturismo Condè - Predappio;;"http://www.turismoforlivese.it/servizi/menu/dinamica.aspx?ID=123436&amp;lang=1";http://www.turismoforlivese.it/servizi/gestionedocumentale/visualizzadocumento.aspx?id=22413;Azienda Vitivinicola Condè - Predappio;47016 Predappio (FC);Fiumana;Turismo forlivese;42158;44.145568;11.987806
VERGHERETO;FORLI';"Azienda Agricola ""Val de' Gabiccini""";Azienda specializzata nella produzione e commercializzazione di uova fresche, da allevamenti a terra e in gabbia,  ed allevamenti di pulcini di Poggiolino,  Falera ed altri minori. 	I prodotti Val de' Gabiccini  sono in vendita in varii canali distributivi italiani, dalla...;http://www.fumaioloturismo.it/it_IT/azienda-agricola-val-de-gabiccini;http://www.fumaioloturismo.it/image/image_gallery?uuid=396b39b4-611e-4987-aa00-9de1f88b66d7&groupId=439558&t=1429714630467;"Azienda Agricola ""Val de' Gabiccini""";Via Padre Francesco Guerra, 12 - 47028 Verghereto (FC);Falera;Bagno di Romagna;42122;;
VERGHERETO;FORLI';La Dispensa della Nonna;La Dispensa della Nonna è un laboratorio gastronomico artigianale di varie specialità alimentari locali: confetture di frutta e verdura, castagne al liquore, crema di castagne, liquore nocino, prugnolino, fragolino, confetture varie, salsiccia stagionata di maiale, cinghiale,...;http://www.fumaioloturismo.it/it_IT/la-dispensa-della-nonna;http://www.fumaioloturismo.it/image/image_gallery?uuid=8065d2a7-013b-4059-8be9-68a008767b86&groupId=439558&t=1429714397260;La Dispensa della Nonna;Don F. Babbini, 30 - 47028 Verghereto (FC);Alfero;Bagno di Romagna;42122;;
VERGHERETO;FORLI';Salumificio del Fumaiolo;Il Salumificio Pastificio del Fumaiolo da oltre venti anni produce ottimi prodotti artigianali:  piadine, tortelli alla lastra (di patate,erbe, funghi) pasta fresca (cappelletti, gnocchi, tagliatelle, tortelletti), preparati sul tagliere, confezionati a mano uno a uno, salumi insaccati a...;http://www.fumaioloturismo.it/it_IT/salumificio-del-fumaiolo;http://www.fumaioloturismo.it/image/image_gallery?uuid=cfad74ad-0fe2-4cf8-be6b-bb1c6babd5cb&groupId=439558&t=1400230175787;Salumificio del Fumaiolo;Via dei Laghi, 32/B f - 47028 Verghereto (FC);Alfero;Bagno di Romagna;42122;;
RIMINI;RIMINI;Amarcord la Romagna;Souvenir e prodotti tipici della Romagna;http://www.riminiturismo.it/113932/27/Amarcord_la_Romagna.html;;;via Vespucci 67 - Rimini;;Rimini Città;41809;;
RIMINI;RIMINI;Palato;Enogastronomia tra cultura e design;http://www.riminiturismo.it/111659/27/Palato.html;;;Via della Fiera, 23 - Rimini;;Rimini Città;41809;;
RIMINI;RIMINI;Rimini Street Food;La guida ai cibi di strada di Rimini - la prima mappa on the road dedicata ai baracchini di strada.;http://www.riminiturismo.it/110933/27/Rimini_Street_Food.html;;;Rimini;;Rimini Città;41809;;
RIMINI;RIMINI;Strada dei Vini e dei Sapori dei Colli di Rimini;;http://www.riminiturismo.it/110832/27/Strada_dei_Vini_e_dei_Sapori_dei_Colli_di_Rimini.html;;;Rimini;;Rimini Città;41809;;
